barcode	fp_classify	mean_cov	Cluster	classify
AACAAAGAGCATTGGG-1	aPD1	68.68	SNG-0	aPD1
AACAAAGTCGCTCTAC-1	aPD1	79.45	SNG-0	aPD1
AACCTTTCATTAAGGA-1	aPD1	28.99	SNG-0	aPD1
AACGGGAAGTCGACCC-1	aPD2	60.58	SNG-0	aPD1
AACGGGACATCCCTCA-1	aPD1	30.61	SNG-0	aPD1
AACGTACTCCGATGCG-1	aPD1	38.07	SNG-0	aPD1
AATGCCATCTGTCGGG-1	aPD1	46.29	SNG-0	aPD1
AATGGAATCAGTCACA-1	aPD1	31.56	SNG-0	aPD1
AATGGCTGTCATCGTA-1	aPD1	43.09	SNG-0	aPD1
AATGTCGAGTGCAACG-1	aPD1	30.02	SNG-0	aPD1
AATGTCGTCCAACCTC-1	unassigned	44.82	SNG-0	aPD1
AATGTCGTCTGGCTAA-1	aPD1	36.29	SNG-0	aPD1
ACAAAGATCCGATTGA-1	aPD2	73.04	SNG-0	aPD1
ACAAGCTAGCTACGTT-1	aPD1	46.64	SNG-0	aPD1
ACAGAAACATGCGCTG-1	aPD1	20.87	SNG-0	aPD1
ACAGACTAGTCGTGAG-1	aPD1	24.74	SNG-0	aPD1
ACAGACTTCCGTGCGA-1	aPD1	26.8	SNG-0	aPD1
ACCCAAAAGTCGCCTG-1	unassigned	28.48	SNG-0	aPD1
ACCCAAATCGTTCTAT-1	aPD1	44.41	SNG-0	aPD1
ACCGAATGTTCCCAAA-1	aPD1	37.1	SNG-0	aPD1
ACCGGGTCAAGGATGC-1	aPD1	44.15	SNG-0	aPD1
ACCGGGTTCTCTATTG-1	aPD1	48.06	SNG-0	aPD1
ACCTGCTTCAAGGCAG-1	aPD1	27.24	SNG-0	aPD1
ACGTTAGTCACCCTTG-1	aPD1	28.69	SNG-0	aPD1
ACTAACGCACGCTGTG-1	aPD1	35.23	SNG-0	aPD1
ACTAGGTTCCGGGCAT-1	aPD1	47.09	SNG-0	aPD1
ACTCGGGTCAGTGGTT-1	aPD1	46.16	SNG-0	aPD1
ACTGCAACAACGTACT-1	aPD1	22.11	SNG-0	aPD1
ACTTCCGGTACAACGG-1	aPD1	40.36	SNG-0	aPD1
ACTTTCAAGCTCGTTA-1	unassigned	80.29	SNG-0	aPD1
AGACAAACACCCTTTG-1	aPD1	35.64	SNG-0	aPD1
AGACAAATCTTCAGAG-1	unassigned	127.74	SNG-0	aPD1
AGCCCGAAGCGCACAA-1	aPD1	71.19	SNG-0	aPD1
AGCCTCTGTGATGCGA-1	aPD1	20.18	SNG-0	aPD1
AGCGATTGTTAACCGT-1	aPD1	22.69	SNG-0	aPD1
AGCGTATAGAGCTACG-1	aPD1	34.46	SNG-0	aPD1
AGCGTGCCAAGTAATG-1	unassigned	90.69	SNG-0	aPD1
AGCTGGCAGGTGTCGA-1	aPD1	29.86	SNG-0	aPD1
AGGCCCAAGTTAGCAA-1	aPD1	27.66	SNG-0	aPD1
AGGCCTGAGAACCCGA-1	aPD1	33.58	SNG-0	aPD1
AGGCCTGGTAAGCCGA-1	aPD1	23.96	SNG-0	aPD1
AGTCAACGTGAATACA-1	aPD1	25.01	SNG-0	aPD1
AGTGTACTCTCGCGTT-1	unassigned	75.22	SNG-0	aPD1
AGTTACGAGGTCTTTG-1	aPD1	36.59	SNG-0	aPD1
ATAGTCGCAAAGAAGG-1	unassigned	31.58	SNG-0	aPD1
ATCCAGAAGTATACCC-1	aPD1	23.95	SNG-0	aPD1
ATCCCTGAGGTAGGAA-1	aPD1	20.2	SNG-0	aPD1
ATCGAGTAGAGCGAAA-1	aPD1	58.86	SNG-0	aPD1
ATCGAGTAGCCAGAAC-1	aPD1	46.84	SNG-0	aPD1
ATGTACGCATCTCTCG-1	aPD1	46.16	SNG-0	aPD1
ATGTCTTCAGATGGCA-1	aPD1	22.88	SNG-0	aPD1
ATGTTTCTCCGTGCAG-1	aPD1	33.36	SNG-0	aPD1
ATTTGTCCAGGGCTTC-1	aPD1	28.21	SNG-0	aPD1
ATTTGTCTCTTAAGCG-1	aPD1	39.84	SNG-0	aPD1
CAACCAAAGTAACTCC-1	aPD1	53.87	SNG-0	aPD1
CAACGGCTCTATCTCA-1	aPD1	25.77	SNG-0	aPD1
CAACGTATCGCCACTT-1	aPD1	28.78	SNG-0	aPD1
CAAGAAACATGATCGT-1	aPD1	37.97	SNG-0	aPD1
CACCACTTCCATCATT-1	aPD1	24.98	SNG-0	aPD1
CACTGAAAGAATCAGT-1	aPD1	32.75	SNG-0	aPD1
CAGCCTTAGTCCAGAG-1	aPD1	42.8	SNG-0	aPD1
CAGCCTTCAGGGTAAC-1	aPD1	30.16	SNG-0	aPD1
CAGCTAACACATAAAG-1	aPD1	25.9	SNG-0	aPD1
CAGTGCGAGTACCACT-1	aPD1	24.01	SNG-0	aPD1
CATTCCGGTTGGCTAT-1	unassigned	42.54	SNG-0	aPD1
CCACAGGTCGGTTAGT-1	aPD1	43.23	SNG-0	aPD1
CCACGTTCAGGGTACA-1	unassigned	37.25	SNG-0	aPD1
CCAGAATCATCCCTTG-1	aPD1	26.07	SNG-0	aPD1
CCAGATAGTATGCTAC-1	unassigned	74.8	SNG-0	aPD1
CCCAGAGAGTCATCTG-1	aPD1	113.59	SNG-0	aPD1
CCCAGAGCACGACGAA-1	aPD1	60.41	SNG-0	aPD1
CCCTCTCGTTGAAGCG-1	aPD1	71.01	SNG-0	aPD1
CCCTCTCTCCGGGCAT-1	aPD1	36.9	SNG-0	aPD1
CCGAAGCTCAGTGGTT-1	unassigned	67.25	SNG-0	aPD1
CCGTACTAGGTTCGAG-1	aPD1	38.88	SNG-0	aPD1
CCGTGAGCAAGGAACC-1	aPD1	21.17	SNG-0	aPD1
CCGTGAGGTGTCGTCG-1	aPD1	22.2	SNG-0	aPD1
CCTCCCTCACGCCGAT-1	aPD1	26.31	SNG-0	aPD1
CGCTAGGCACGTGAAG-1	unassigned	25.57	SNG-0	aPD1
CGCTAGGGTGGCATAG-1	unassigned	37.4	SNG-0	aPD1
CGCTATCCATCAGCTA-1	aPD1	42.71	SNG-0	aPD1
CGCTATCGTCATCAAC-1	aPD1	20.21	SNG-0	aPD1
CGCTGGAAGACTCTTG-1	aPD1	43.09	SNG-0	aPD1
CGCTGGACAGTGCGAA-1	aPD1	31.9	SNG-0	aPD1
CGCTGGAGTATTCGAC-1	aPD1	21.08	SNG-0	aPD1
CGGACCATCAAGAGGC-1	aPD1	32.95	SNG-0	aPD1
CGTAAACAGTCCCTCT-1	unassigned	36.34	SNG-0	aPD1
CGTAAACGTAACAATG-1	aPD1	59.28	SNG-0	aPD1
CGTGGCAAGACACGGT-1	aPD1	39.87	SNG-0	aPD1
CGTTCCATCCAACGCG-1	aPD1	61.75	SNG-0	aPD1
CTACTTAAGTTAGCAA-1	aPD1	21.43	SNG-0	aPD1
CTCAACCCAACGAGGT-1	aPD1	27.77	SNG-0	aPD1
CTCAACCGTCCAAGAG-1	aPD1	52.31	SNG-0	aPD1
CTCACCAGTGCGTCCA-1	aPD1	23.61	SNG-0	aPD1
CTCAGAAAGTCTAGAA-1	unassigned	22.92	SNG-0	aPD1
CTCAGAATCGCAGATT-1	aPD1	39.3	SNG-0	aPD1
CTCAGCTTCCGCCTAT-1	aPD1	37.9	SNG-0	aPD1
CTCGCTAAGTAACTCC-1	aPD1	36.13	SNG-0	aPD1
CTCGCTACACTGATAC-1	aPD1	38.32	SNG-0	aPD1
CTCGCTATCCGGCTGA-1	unassigned	37.88	SNG-0	aPD1
CTCTAGCGTATCTAGC-1	aPD1	22.44	SNG-0	aPD1
CTCTAGCGTCACAGGA-1	unassigned	40.53	SNG-0	aPD1
CTCTCAGGTAACTCCA-1	aPD1	34.1	SNG-0	aPD1
CTCTCGAAGAAAGCAG-1	unassigned	21.02	SNG-0	aPD1
CTGCTCAAGTCTCCAA-1	aPD1	43.5	SNG-0	aPD1
CTGGCAGAGAGCCACA-1	aPD1	30.5	SNG-0	aPD1
CTGGGACCATCGCCTT-1	aPD1	30.19	SNG-0	aPD1
CTTAATCAGTCATACC-1	aPD1	59.2	SNG-0	aPD1
CTTCCAGTCCCACTTG-1	aPD1	38.6	SNG-0	aPD1
CTTCCAGTCTGAGTAC-1	aPD1	43.01	SNG-0	aPD1
CTTCTAACAGTAACCT-1	aPD1	46.72	SNG-0	aPD1
CTTGAAGAGTCCTTCC-1	aPD1	36.07	SNG-0	aPD1
CTTGAAGGTTATAGAG-1	aPD1	22.12	SNG-0	aPD1
GAAACAACACAGGAAC-1	aPD1	29.54	SNG-0	aPD1
GAAATGACAAAGGCCA-1	aPD1	54.78	SNG-0	aPD1
GAACCTATCTGACATG-1	unassigned	62.26	SNG-0	aPD1
GAAGTCTGTCAATACC-1	aPD1	55.12	SNG-0	aPD1
GACCAATAGACTCGGA-1	aPD1	33.17	SNG-0	aPD1
GACCAATTCCCACTAC-1	aPD1	46.57	SNG-0	aPD1
GACCCAGGTCAGCTTA-1	aPD1	32.29	SNG-0	aPD1
GACTAACCAACAAACA-1	unassigned	26.14	SNG-0	aPD1
GACTAACGTATTTGCG-1	aPD1	42.29	SNG-0	aPD1
GACTAGTCATCATGTG-1	aPD1	43.31	SNG-0	aPD1
GACTAGTGTATTGTCG-1	aPD1	39.28	SNG-0	aPD1
GAGATTCCAGAAAGAG-1	aPD1	39.65	SNG-0	aPD1
GAGCATTTCACAACAC-1	aPD1	41.35	SNG-0	aPD1
GAGCGCTAGCTGAGGT-1	aPD1	23.89	SNG-0	aPD1
GAGGCTCGTTACGCTA-1	aPD1	25.99	SNG-0	aPD1
GATCATGGTATTCGCA-1	aPD1	53.49	SNG-0	aPD1
GATCATGGTCCCGAGT-1	aPD1	35.8	SNG-0	aPD1
GATCGTAAGGACTAGC-1	aPD1	32.21	SNG-0	aPD1
GATCGTACAGTCAGAG-1	unassigned	23.33	SNG-0	aPD1
GATGGCCAGGTCTTGT-1	aPD1	70.08	SNG-0	aPD1
GATTGACGTTAGGCTT-1	aPD2	49.1	SNG-0	aPD1
GCAACCGAGACTAGCG-1	unassigned	20.42	SNG-0	aPD1
GCAACCGCAAGTTGCT-1	unassigned	39.91	SNG-0	aPD1
GCACGGTGTCTGCGCA-1	aPD1	46.59	SNG-0	aPD1
GCACGGTGTTTCGTTT-1	aPD1	34.67	SNG-0	aPD1
GCAGATTAGAGACTCG-1	aPD1	34.66	SNG-0	aPD1
GCCATAAAGTTCCCGG-1	unassigned	61.56	SNG-0	aPD1
GCGAGAAGTTTGTCTT-1	aPD1	36.89	SNG-0	aPD1
GCGCCAATCACGTCAA-1	aPD1	62.78	SNG-0	aPD1
GCGGAAAGTGTCGTCG-1	aPD1	22.48	SNG-0	aPD1
GCTCACTAGAAATACC-1	aPD1	33.91	SNG-0	aPD1
GCTGCGAAGGACTTTC-1	unassigned	55.01	SNG-0	aPD1
GCTGTTCGTAGTATCC-1	aPD1	40.93	SNG-0	aPD1
GCTTAAGCATTGCACA-1	aPD1	26.53	SNG-0	aPD1
GGAACTTGTCTAACCA-1	unassigned	20.07	SNG-0	aPD1
GGACACCAGACTCGGA-1	aPD1	21.01	SNG-0	aPD1
GGCATTAAGACCCATT-1	aPD1	32.61	SNG-0	aPD1
GGCGTTGAGCTAGCAG-1	unassigned	61.78	SNG-0	aPD1
GGGAACATCGCTATTT-1	unassigned	35.24	SNG-0	aPD1
GGGTTATGTGCAAAGC-1	aPD1	45.15	SNG-0	aPD1
GGTACCGAGTCTGCTA-1	aPD1	33.96	SNG-0	aPD1
GGTGAAGGTGAGGTCA-1	aPD1	20.65	SNG-0	aPD1
GGTGCTGAGTCCCGCA-1	aPD1	28.53	SNG-0	aPD1
GGTGTCGTCTATCCTA-1	aPD1	54.1	SNG-0	aPD1
GGTTGCGAGAGGAACA-1	aPD1	24.12	SNG-0	aPD1
GTAATCGGTGCGCTCA-1	unassigned	39.65	SNG-0	aPD1
GTCACAATCCAGTACA-1	aPD1	28.18	SNG-0	aPD1
GTCCATCTCGTGTGCG-1	aPD1	52.29	SNG-0	aPD1
GTCTACCCAATGGCTT-1	aPD1	29.27	SNG-0	aPD1
GTCTACCGTAATGTAG-1	aPD1	43.28	SNG-0	aPD1
GTCTACCTCTTCAGAG-1	aPD1	50.14	SNG-0	aPD1
GTGATCAAGGGCTCTC-1	aPD1	25.11	SNG-0	aPD1
GTGCTGGTCTAGCTGA-1	aPD1	27.91	SNG-0	aPD1
GTGGCGTAGCCTCGCA-1	unassigned	43.68	SNG-0	aPD1
GTGTCCTTCTAGCAAC-1	aPD1	67.4	SNG-0	aPD1
GTTACGAAGAGGCGGA-1	aPD1	32.95	SNG-0	aPD1
GTTACTTCATGGGAAC-1	aPD1	20.71	SNG-0	aPD1
GTTCAAGAGGCACTAG-1	aPD1	24.92	SNG-0	aPD1
GTTCAAGTCGCGCTGA-1	aPD1	46.24	SNG-0	aPD1
GTTGGGCGTAGCGAGT-1	unassigned	33.89	SNG-0	aPD1
GTTGGTATCCCAATGA-1	aPD1	24.94	SNG-0	aPD1
TAACTTCGTGCTGGCT-1	aPD1	28.18	SNG-0	aPD1
TACATGGGTGAGGTCA-1	aPD1	40.2	SNG-0	aPD1
TACGCAAAGGCGACTA-1	unassigned	32.72	SNG-0	aPD1
TACGCCTTCCCACTAC-1	unassigned	63.87	SNG-0	aPD1
TACTAGGGTAGCTGTT-1	unassigned	30.3	SNG-0	aPD1
TACTAGGTCTGGAAGG-1	unassigned	63.28	SNG-0	aPD1
TACTGCCAGGCTTAAA-1	unassigned	68.22	SNG-0	aPD1
TAGACTGAGAGGCCTA-1	unassigned	31.19	SNG-0	aPD1
TAGACTGGTTGGCGAA-1	unassigned	48.9	SNG-0	aPD1
TAGCATGCAAATAGTG-1	unassigned	74.3	SNG-0	aPD1
TAGCCCTCAGTGCTCG-1	unassigned	45.26	SNG-0	aPD1
TAGCCGGAGCTCGTTA-1	unassigned	20.33	SNG-0	aPD1
TAGCCGGTCTGGGCGT-1	unassigned	29.22	SNG-0	aPD1
TAGCGGCGTAGCGAGT-1	unassigned	48.36	SNG-0	aPD1
TAGGTGTGTACCCACG-1	unassigned	45.92	SNG-0	aPD1
TAGTCCCTCGCGGCAT-1	unassigned	121.46	SNG-0	aPD1
TATGTTCCACATTGCA-1	unassigned	24.99	SNG-0	aPD1
TCAAGACCAATCATCG-1	unassigned	30.03	SNG-0	aPD1
TCAAGGTGTCGAGGAT-1	unassigned	43.85	SNG-0	aPD1
TCAATTCTCACGTCAA-1	unassigned	67.4	SNG-0	aPD1
TCAATTCTCACTAGCA-1	unassigned	62.75	SNG-0	aPD1
TCACAGAAGGTAAGCC-1	unassigned	23.3	SNG-0	aPD1
TCACAGATCCCGAAGC-1	unassigned	29.44	SNG-0	aPD1
TCACTCGCACTAGGAG-1	unassigned	48.91	SNG-0	aPD1
TCAGGGCCATCCTGGG-1	unassigned	36.79	SNG-0	aPD1
TCAGTCCAGGCCAATG-1	unassigned	47.96	SNG-0	aPD1
TCAGTCCTCGCTTGAA-1	unassigned	26.27	SNG-0	aPD1
TCCGACTAGAGGTCCA-1	unassigned	23.3	SNG-0	aPD1
TCCGACTGTCATCAAC-1	unassigned	24.89	SNG-0	aPD1
TCGAGCGCAATCCATG-1	unassigned	36.15	SNG-0	aPD1
TCGCAGGAGAGCTGTG-1	unassigned	26.39	SNG-0	aPD1
TCGTTCGTCACAGGGA-1	unassigned	21.11	SNG-0	aPD1
TCTATTGGTAAACGTA-1	unassigned	55.9	SNG-0	aPD1
TGACAACGTGGCGCTT-1	unassigned	29.41	SNG-0	aPD1
TGACTCCTCATTCTCA-1	unassigned	46.34	SNG-0	aPD1
TGATCAGAGTGAGCTG-1	unassigned	39.67	SNG-0	aPD1
TGCATGATCGAGGTCC-1	unassigned	36.64	SNG-0	aPD1
TGCGTAACATTCTCGC-1	unassigned	21.54	SNG-0	aPD1
TGCTCACTCTCTTCCT-1	unassigned	49.38	SNG-0	aPD1
TGGCGCAAGAGCCTGA-1	unassigned	22.58	SNG-0	aPD1
TGGGTTATCTATCTTG-1	unassigned	65.15	SNG-0	aPD1
TGGTCAATCCTCCATG-1	unassigned	22.85	SNG-0	aPD1
TGGTCCTGTCAACAGG-1	unassigned	41.95	SNG-0	aPD1
TGTAAGCTCACAAGCT-1	unassigned	41.15	SNG-0	aPD1
TGTTAGGCATCAGAAA-1	unassigned	25.21	SNG-0	aPD1
TGTTAGGGTCTGGTTA-1	unassigned	24.09	SNG-0	aPD1
TTAGCGAAGTATCTGC-1	unassigned	21.32	SNG-0	aPD1
TTAGCTTCAGCAAACG-1	unassigned	99.42	SNG-0	aPD1
TTCAACTCATGGTATC-1	unassigned	27.17	SNG-0	aPD1
TTCGCGTGTTGAATAG-1	unassigned	23.44	SNG-0	aPD1
TTCGGTCGTAGTAACA-1	unassigned	84.98	SNG-0	aPD1
TTCTGTACAGTATACC-1	unassigned	21.25	SNG-0	aPD1
TTGAGCAAGTCATACC-1	unassigned	36.65	SNG-0	aPD1
TTGAGTGAGGAGAACA-1	unassigned	27.89	SNG-0	aPD1
TTGCAGACACACATGT-1	unassigned	31.07	SNG-0	aPD1
TTGCCCAAGGTTTCTG-1	unassigned	38.89	SNG-0	aPD1
TTGCGGGCAATCAGGG-1	unassigned	68.63	SNG-0	aPD1
TTGGTCCGTTGTATCG-1	unassigned	62.32	SNG-0	aPD1
TTGTTGTCACCACCAG-1	unassigned	38.75	SNG-0	aPD1
TTTGTGTAGCCAGAAC-1	unassigned	22.25	SNG-0	aPD1
TTTGTGTGTCGCTAGC-1	unassigned	42.64	SNG-0	aPD1
AAACGAAGTCCAACCG-1	aPD2	33.44	SNG-2	aPD2
AAACTGCGTCAAGACG-1	aPD2	50.33	SNG-2	aPD2
AAAGGATTCCATAGGT-1	aPD2	43.11	SNG-2	aPD2
AAAGGATTCCTTTGAT-1	aPD2	26.99	SNG-2	aPD2
AAAGGGCGTAACCGAG-1	aPD2	42.41	SNG-2	aPD2
AAAGGGCTCCGAATTG-1	aPD2	35.93	SNG-2	aPD2
AAATGAGAGGATCCTT-1	aPD2	42.12	SNG-2	aPD2
AAATGAGGTATTCTGG-1	aPD2	28.63	SNG-2	aPD2
AAATGAGGTCTAACCA-1	aPD2	29.46	SNG-2	aPD2
AAATGCCTCTTAGTGG-1	aPD2	31.23	SNG-2	aPD2
AACCAACTCTATACCT-1	aPD2	42.47	SNG-2	aPD2
AACCGATAGTGCTAGG-1	aPD2	29.23	SNG-2	aPD2
AACCTTTAGTGTAATG-1	unassigned	26.72	SNG-2	aPD2
AACCTTTCAAGGTCGA-1	aPD2	29.18	SNG-2	aPD2
AACGGGATCCGTACGG-1	aPD2	39.1	SNG-2	aPD2
AACGTACAGTTAGCGG-1	aPD2	38.71	SNG-2	aPD2
AACTGGTCAAGCCCTG-1	aPD2	25.15	SNG-2	aPD2
AACTGGTCAAGGACCA-1	aPD2	31.7	SNG-2	aPD2
AACTGGTGTAACTGAA-1	aPD2	27.82	SNG-2	aPD2
AAGATAGGTTCTGATG-1	aPD2	30.29	SNG-2	aPD2
AAGATAGTCTGGCGCA-1	aPD2	36.55	SNG-2	aPD2
AAGGAGCTCTCTGAGA-1	unassigned	46.5	SNG-2	aPD2
AATGCCAAGGTCACTT-1	aPD2	27.57	SNG-2	aPD2
ACAAACCCAGCGTAGA-1	aPD2	34.56	SNG-2	aPD2
ACAAGCTCAAGTGGCA-1	aPD2	45.72	SNG-2	aPD2
ACCAAACAGAGCACTG-1	aPD2	54.14	SNG-2	aPD2
ACCAAACCATTCACCC-1	aPD2	41.41	SNG-2	aPD2
ACCAAACGTACGTAAA-1	aPD2	35.25	SNG-2	aPD2
ACCGCAGAGCTGAAAT-1	aPD2	49.03	SNG-2	aPD2
ACCGGGTCACACACAT-1	aPD2	35.28	SNG-2	aPD2
ACCGGGTCACTGCTCT-1	aPD2	23.06	SNG-2	aPD2
ACGGATTTCGGTTAGT-1	aPD2	21.41	SNG-2	aPD2
ACGTGGCCACAATAAG-1	aPD2	48.94	SNG-2	aPD2
ACTAACGTCTCATATC-1	aPD2	28.02	SNG-2	aPD2
ACTATTCAGGATGCCA-1	aPD2	22.01	SNG-2	aPD2
ACTATTCGTACGGTTT-1	aPD2	27.58	SNG-2	aPD2
ACTCGGGAGCGATACG-1	aPD2	60.52	SNG-2	aPD2
ACTTCCGGTGGTCGAA-1	aPD2	45	SNG-2	aPD2
ACTTTCAAGAACTAAC-1	aPD2	33.92	SNG-2	aPD2
ACTTTCAAGCATGTGG-1	aPD2	31.43	SNG-2	aPD2
AGACAAACACCTGTGG-1	aPD2	36.5	SNG-2	aPD2
AGATAGACAGCGTGAA-1	aPD2	47.34	SNG-2	aPD2
AGATTCGTCGTCTTAT-1	aPD2	52.8	SNG-2	aPD2
AGCCAGCTCTGCTACC-1	aPD2	36.3	SNG-2	aPD2
AGCCGCACATGATTGC-1	aPD2	30.08	SNG-2	aPD2
AGCCGCAGTTTCGATG-1	aPD2	21.28	SNG-2	aPD2
AGCGATTGTCATAAGA-1	aPD2	33.07	SNG-2	aPD2
AGCGTATAGTCAGCCC-1	aPD2	28.92	SNG-2	aPD2
AGCGTATTCTGGACAT-1	aPD2	41.43	SNG-2	aPD2
AGCTGGCAGGAAACTT-1	aPD2	40.73	SNG-2	aPD2
AGCTGTAGTTGGACGA-1	aPD2	21.34	SNG-2	aPD2
AGGCCCATCTATACCT-1	aPD2	35.86	SNG-2	aPD2
AGTCAACAGTTACACC-1	aPD2	37.89	SNG-2	aPD2
AGTGCGCGTCCAAGAG-1	aPD2	23.22	SNG-2	aPD2
AGTTACGAGACAGCTG-1	aPD2	21.91	SNG-2	aPD2
AGTTTGGTCTGGTACA-1	aPD2	48.51	SNG-2	aPD2
ATCCTGCGTGGTGGTA-1	aPD2	41.01	SNG-2	aPD2
ATTGTGGTCAAGGCAG-1	unassigned	83.9	SNG-2	aPD2
ATTTGTCGTGCGTCCA-1	aPD2	38.67	SNG-2	aPD2
CAACGTAGTGACCAGA-1	aPD2	41.47	SNG-2	aPD2
CAACGTATCCGGCGAT-1	unassigned	23.2	SNG-2	aPD2
CAAGCTAAGGCTGGAT-1	aPD2	29.66	SNG-2	aPD2
CAAGGCCGTACCCATA-1	aPD2	34.94	SNG-2	aPD2
CACGTTCCACCGTCTT-1	aPD2	68.8	SNG-2	aPD2
CAGCCTTGTAACCGAG-1	aPD2	37.5	SNG-2	aPD2
CAGCTGGGTGCACCCA-1	aPD2	30.38	SNG-2	aPD2
CAGGGCTAGGGAAGCG-1	aPD2	24.51	SNG-2	aPD2
CCAATGAGTCCCTAAA-1	aPD2	50.77	SNG-2	aPD2
CCACAGGCAAACCCTA-1	aPD2	34.1	SNG-2	aPD2
CCAGAATAGTGATTAG-1	unassigned	60.87	SNG-2	aPD2
CCAGATAGTCATTGCA-1	aPD2	56.84	SNG-2	aPD2
CCATACCAGTTACACC-1	aPD2	25.1	SNG-2	aPD2
CCATACCTCCTGGGAC-1	aPD2	25.8	SNG-2	aPD2
CCCGTTACAGAAAGAG-1	aPD2	34.73	SNG-2	aPD2
CCCTAGTAGATCTAAG-1	aPD2	23	SNG-2	aPD2
CCCTAGTGTGAGTTGG-1	aPD2	33.1	SNG-2	aPD2
CCCTCTCGTCAGAGTG-1	aPD2	50.77	SNG-2	aPD2
CCGCATTCAGCAACGA-1	aPD2	43.86	SNG-2	aPD2
CCGCATTGTGGTGGTA-1	aPD2	44.06	SNG-2	aPD2
CCGTACTGTATCATGC-1	aPD2	36.3	SNG-2	aPD2
CCGTAGGAGGCGACTA-1	aPD2	20.52	SNG-2	aPD2
CCTAAAGAGAACTCCT-1	aPD2	35.35	SNG-2	aPD2
CCTCCCTAGAACTCCT-1	aPD2	56.39	SNG-2	aPD2
CCTTAATCAACGGACA-1	aPD2	37.17	SNG-2	aPD2
CCTTGCAGTCTCTGCT-1	aPD2	32.89	SNG-2	aPD2
CGAGTTATCCTGTAGA-1	aPD2	25	SNG-2	aPD2
CGATGATGTATATGGA-1	aPD2	28.33	SNG-2	aPD2
CGCTGGAAGACTCGGA-1	aPD2	23.9	SNG-2	aPD2
CGCTGGACATGATTGC-1	aPD2	60.37	SNG-2	aPD2
CGGTGCAAGGGATCCA-1	aPD2	70.45	SNG-2	aPD2
CGTAAACGTAGCGTTT-1	aPD2	37.65	SNG-2	aPD2
CGTAAACGTGGATTTC-1	aPD2	23.17	SNG-2	aPD2
CGTACAATCACTGATG-1	aPD2	30.52	SNG-2	aPD2
CGTGGCAAGATGGGAA-1	aPD2	61.42	SNG-2	aPD2
CGTTCCATCCGAGAGA-1	aPD2	25.09	SNG-2	aPD2
CTCATGCAGTCTGGGA-1	unassigned	21.11	SNG-2	aPD2
CTCGCTAGTTACACTG-1	aPD2	22	SNG-2	aPD2
CTGCTCACACCCTTAC-1	aPD2	70.05	SNG-2	aPD2
CTGTATTGTTCTACCC-1	aPD2	25.74	SNG-2	aPD2
CTTGCCAAGACCCATT-1	aPD2	45.26	SNG-2	aPD2
CTTTGCGGTTCTTATC-1	aPD2	34.89	SNG-2	aPD2
CTTTGCGTCTCTGCGT-1	aPD2	44.16	SNG-2	aPD2
GAAATGAAGCTGAGGT-1	aPD2	29.55	SNG-2	aPD2
GAACCGCAGAGCCACA-1	aPD2	47.93	SNG-2	aPD2
GAACCTAGTCGTAATC-1	aPD2	27.67	SNG-2	aPD2
GAACCTATCGCGTGAC-1	aPD2	67.25	SNG-2	aPD2
GAAGTGGGTTTGCCCT-1	aPD2	37.49	SNG-2	aPD2
GACCAATCAGGTCTGC-1	aPD2	24.03	SNG-2	aPD2
GACTAGTCACCGTTGG-1	aPD2	46.1	SNG-2	aPD2
GAGAACGAGATACCAA-1	aPD2	27.85	SNG-2	aPD2
GAGAACGTCCGTGCGA-1	aPD2	32.22	SNG-2	aPD2
GAGCGCTGTAATGTAG-1	aPD2	44.31	SNG-2	aPD2
GAGGCTCAGTCAGCCC-1	aPD2	31.07	SNG-2	aPD2
GAGGTCCGTAGCCATT-1	aPD2	37.18	SNG-2	aPD2
GATCGTAAGCCTCGCA-1	aPD2	26.04	SNG-2	aPD2
GATGGCCTCAGAGTGG-1	unassigned	44.91	SNG-2	aPD2
GATTGACAGAAAGGGT-1	aPD2	47.38	SNG-2	aPD2
GCAAAGGAGGGTCTGA-1	aPD2	40.53	SNG-2	aPD2
GCACCTTGTCCTATTT-1	aPD2	56.12	SNG-2	aPD2
GCACGGTGTTCCCTTG-1	aPD2	34.91	SNG-2	aPD2
GCACGGTTCAGGAAGC-1	aPD2	29.83	SNG-2	aPD2
GCATTCCGTCTGCACG-1	aPD2	53.79	SNG-2	aPD2
GCATTGAAGATGTTCC-1	aPD2	33.86	SNG-2	aPD2
GCCAGCACATATTGGC-1	aPD2	36.41	SNG-2	aPD2
GCCATAATCGCTCTAC-1	aPD2	51.93	SNG-2	aPD2
GCCCAGAAGACGAAAG-1	aPD2	61.94	SNG-2	aPD2
GCCCAGAGTGGGTAGT-1	aPD2	25.56	SNG-2	aPD2
GCCCAGATCAAAGTAG-1	aPD2	65.88	SNG-2	aPD2
GCCTACTAGAGCAGCT-1	aPD2	33.97	SNG-2	aPD2
GCCTACTAGGACCGAT-1	aPD2	23.53	SNG-2	aPD2
GCGAGAATCCGATGCG-1	aPD2	32.2	SNG-2	aPD2
GCGATCGAGTGAAGGA-1	aPD2	29.96	SNG-2	aPD2
GCGATTAAGCCAGAAC-1	aPD2	31.66	SNG-2	aPD2
GCGCATGAGGTCACTT-1	aPD2	73.67	SNG-2	aPD2
GCGCCAACAGCGTGAA-1	aPD2	23.5	SNG-2	aPD2
GCGGAAACAGGGAGTT-1	aPD2	43.36	SNG-2	aPD2
GCGGGTTAGCATACCT-1	aPD2	45.1	SNG-2	aPD2
GCGGGTTTCGCGCCAA-1	aPD2	21.11	SNG-2	aPD2
GCGTTGGAGTTCAACC-1	aPD2	23.76	SNG-2	aPD2
GCTCACTAGATTAGAC-1	aPD2	25.77	SNG-2	aPD2
GCTCAGGAGTGAGTTA-1	aPD2	28.33	SNG-2	aPD2
GCTGAGCGTGTCCCAG-1	aPD2	31.48	SNG-2	aPD2
GGATAGGGTCATCAAC-1	aPD2	55.68	SNG-2	aPD2
GGATGAGAGTCTCGAT-1	aPD2	60.61	SNG-2	aPD2
GGATGAGGTACGACCC-1	aPD2	21.23	SNG-2	aPD2
GGCGTTGAGAGCGGTT-1	aPD2	34.96	SNG-2	aPD2
GGCGTTGAGGCAAGGG-1	aPD2	41.2	SNG-2	aPD2
GGCGTTGGTCACCGCA-1	aPD2	20.24	SNG-2	aPD2
GGGAACAGTCCAAGAG-1	aPD2	44.62	SNG-2	aPD2
GGTGTCGGTACCCATA-1	aPD2	60.09	SNG-2	aPD2
GGTTGCGAGCCAGAAC-1	unassigned	32.01	SNG-2	aPD2
GTAATCGAGACGCCAA-1	aPD2	44.23	SNG-2	aPD2
GTACTTTAGTACAGTA-1	aPD2	32.07	SNG-2	aPD2
GTGACATAGGTTCTCA-1	aPD2	39.74	SNG-2	aPD2
GTGATCATCTTGTACT-1	aPD2	54.56	SNG-2	aPD2
GTGGCGTGTAGCCATT-1	aPD2	23.02	SNG-2	aPD2
GTGGCGTGTTCTTAGG-1	aPD2	40.11	SNG-2	aPD2
GTGTGATGTTACTTTC-1	aPD2	22.12	SNG-2	aPD2
GTGTGATGTTTCCTAT-1	aPD2	32.26	SNG-2	aPD2
GTTACGAGTCATAAGA-1	aPD2	38.11	SNG-2	aPD2
GTTACGAGTTCGGGAA-1	unassigned	51.42	SNG-2	aPD2
GTTACGATCGGTTAGT-1	aPD2	29.08	SNG-2	aPD2
GTTATTCAGACTAGGC-1	aPD2	24.15	SNG-2	aPD2
GTTCAAGCATCGCTAA-1	aPD2	34.87	SNG-2	aPD2
GTTGGTAGTGGTAAGC-1	aPD2	26.88	SNG-2	aPD2
TAAACCGCACGCGATC-1	aPD2	26.68	SNG-2	aPD2
TAACAGCGTAGTCCAT-1	aPD2	22.42	SNG-2	aPD2
TAACAGCTCCACGGCA-1	aPD2	33.07	SNG-2	aPD2
TACATTCCAAGGATGC-1	aPD2	22.69	SNG-2	aPD2
TACGCAACATTTAGGC-1	unassigned	32.31	SNG-2	aPD2
TAGCCCTAGTGTCCCG-1	unassigned	29.94	SNG-2	aPD2
TAGCGGCCAAGGAACC-1	unassigned	30.64	SNG-2	aPD2
TAGGTGTTCGGGTCCA-1	unassigned	43.68	SNG-2	aPD2
TATCTGTAGTGAGCAC-1	unassigned	43.75	SNG-2	aPD2
TATCTGTTCTACATCT-1	unassigned	60.04	SNG-2	aPD2
TATGTGGGTCGGCTGT-1	unassigned	27.88	SNG-2	aPD2
TATTGCTAGCGTGTTT-1	unassigned	27.61	SNG-2	aPD2
TATTGCTGTGGTGGTA-1	unassigned	34.22	SNG-2	aPD2
TCAAAGCCAAGTAATG-1	unassigned	25.93	SNG-2	aPD2
TCAAGCAAGTGAATAC-1	unassigned	35.58	SNG-2	aPD2
TCAATTCTCTCTGTTA-1	unassigned	44.3	SNG-2	aPD2
TCACCACGTCCCTAAA-1	unassigned	37.26	SNG-2	aPD2
TCACTCGAGGTGTTGG-1	unassigned	38.72	SNG-2	aPD2
TCGAGCGAGCTAGTTC-1	unassigned	28.58	SNG-2	aPD2
TCGATTTAGGAACCGT-1	unassigned	47.88	SNG-2	aPD2
TCGCAGGGTAGTAACA-1	unassigned	43.13	SNG-2	aPD2
TCGCCTAAGACAACGC-1	unassigned	66.26	SNG-2	aPD2
TCGGGACAGCTCCGGT-1	unassigned	24.38	SNG-2	aPD2
TCTAGTTGTCAACGGA-1	unassigned	35.82	SNG-2	aPD2
TCTATTGCACGCGTTG-1	unassigned	49.29	SNG-2	aPD2
TCTCAGCCATAGCAGG-1	unassigned	34.08	SNG-2	aPD2
TCTCTGGAGCCTCGCA-1	unassigned	61.26	SNG-2	aPD2
TCTCTGGCACTACACA-1	unassigned	40.02	SNG-2	aPD2
TGAATCGCAAAGAGAG-1	unassigned	48.39	SNG-2	aPD2
TGAATCGTCTACTTTG-1	unassigned	52.63	SNG-2	aPD2
TGACTCCGTAACGTAA-1	unassigned	22.25	SNG-2	aPD2
TGAGCCGCATGCCCTT-1	unassigned	365.9	SNG-2	aPD2
TGAGTCAGTAATGCCT-1	unassigned	31.62	SNG-2	aPD2
TGAGTCATCAAACCAC-1	unassigned	29.04	SNG-2	aPD2
TGATCAGAGCGCAATG-1	unassigned	65.64	SNG-2	aPD2
TGCGTAATCGTTTGAG-1	unassigned	42.3	SNG-2	aPD2
TGCTATTGTTACCCAA-1	unassigned	36.9	SNG-2	aPD2
TGCTCACGTTACACTG-1	unassigned	33.57	SNG-2	aPD2
TGCTCGTCATTCACCC-1	unassigned	46.98	SNG-2	aPD2
TGGCAATCACATATCG-1	unassigned	29.09	SNG-2	aPD2
TGGCGCAAGTGTGTAA-1	unassigned	22.01	SNG-2	aPD2
TGGTCAACATAGGCGA-1	unassigned	45.04	SNG-2	aPD2
TGGTCAAGTGGACGAT-1	unassigned	33.07	SNG-2	aPD2
TGTAAGCTCCGTACGG-1	unassigned	48.49	SNG-2	aPD2
TGTACAGAGTGTCACT-1	unassigned	24.55	SNG-2	aPD2
TGTTAGGAGTAGGAAG-1	unassigned	20.31	SNG-2	aPD2
TGTTAGGTCGCTATTT-1	unassigned	70.01	SNG-2	aPD2
TGTTAGGTCGGGTCCA-1	unassigned	36.12	SNG-2	aPD2
TTACCCGCAAGTCCTA-1	unassigned	39.56	SNG-2	aPD2
TTACCCGCAGGAGCAT-1	unassigned	35.71	SNG-2	aPD2
TTACCGCCAAGCAATA-1	unassigned	21.95	SNG-2	aPD2
TTACCGCGTAACACTC-1	unassigned	44.45	SNG-2	aPD2
TTCATCACATTATGGC-1	unassigned	28.63	SNG-2	aPD2
TTCGATTGTTAGTAGA-1	unassigned	27.3	SNG-2	aPD2
TTCGGTCCACCACGAC-1	unassigned	38.88	SNG-2	aPD2
TTCGGTCGTCTCTAAG-1	unassigned	45.34	SNG-2	aPD2
TTGCAGAGTAGATTAG-1	unassigned	35	SNG-2	aPD2
TTGCCCATCCATGACA-1	unassigned	21.22	SNG-2	aPD2
TTTACGTAGACCTATC-1	aPD2	25.08	SNG-2	aPD2
TTTACGTAGCAGAAAG-1	unassigned	41.19	SNG-2	aPD2
TTTGAGGCAGAACGAC-1	unassigned	30.32	SNG-2	aPD2
TTTGGTTAGTCCCGCA-1	unassigned	39.98	SNG-2	aPD2
AAACGAAAGCTAGCAG-1	aPD3	20.67	SNG-1	aPD3
AAACTCGGTACTTCAG-1	aPD3	36.27	SNG-1	aPD3
AAACTCGGTGGACAGT-1	aPD3	36.02	SNG-1	aPD3
AAACTCGGTTACCACA-1	aPD3	29.42	SNG-1	aPD3
AAACTGCTCTTAACGG-1	aPD3	20.45	SNG-1	aPD3
AAAGATGTCGAACACT-1	aPD3	51.38	SNG-1	aPD3
AAAGATGTCTTACCTA-1	aPD3	35.37	SNG-1	aPD3
AAAGGATGTCGCTACG-1	aPD3	40.1	SNG-1	aPD3
AAAGGATGTTACGAAA-1	aPD3	41.96	SNG-1	aPD3
AACAAAGCACAAACGG-1	aPD3	24.49	SNG-1	aPD3
AACAGTCGTCGAGAAC-1	aPD3	23.69	SNG-1	aPD3
AACATCGGTCCTATTT-1	aPD3	36.38	SNG-1	aPD3
AACATCGTCATCATGG-1	aPD3	20.26	SNG-1	aPD3
AACCAACTCGATGAAA-1	aPD3	24.83	SNG-1	aPD3
AACCGATTCCACACCT-1	aPD3	24.2	SNG-1	aPD3
AACCTGATCTGGCACG-1	aPD3	35.01	SNG-1	aPD3
AACGAGGCACTGCTCT-1	aPD3	25.77	SNG-1	aPD3
AACGGGATCTGCGTCT-1	aPD3	20.07	SNG-1	aPD3
AACTGGTCAGCAACAG-1	aPD3	27.65	SNG-1	aPD3
AACTGTGTCTTAAGCG-1	aPD3	32.29	SNG-1	aPD3
AAGATAGAGGATGCCA-1	aPD3	32.63	SNG-1	aPD3
AAGGTTCTCGGGAATG-1	aPD3	34.83	SNG-1	aPD3
AATACGCAGTGATCTC-1	aPD3	22.1	SNG-1	aPD3
AATACGCCAAAGCTGG-1	unassigned	32.62	SNG-1	aPD3
AATGGCTAGCTGAGGT-1	aPD3	28.14	SNG-1	aPD3
ACAAACCCAGAGATGC-1	aPD3	31.68	SNG-1	aPD3
ACAAGCTGTCTGAGCC-1	aPD3	32.74	SNG-1	aPD3
ACAGACTGTATGGTTC-1	aPD3	21.93	SNG-1	aPD3
ACAGCGCAGAGACTCG-1	aPD3	38.48	SNG-1	aPD3
ACATGCATCCTCCATG-1	aPD3	44.99	SNG-1	aPD3
ACATGGTCACTGCTTC-1	aPD3	23.37	SNG-1	aPD3
ACCAAACCAGTATACC-1	aPD3	20.56	SNG-1	aPD3
ACCAAACCATAGTCCA-1	aPD3	33.22	SNG-1	aPD3
ACCAAACTCCGTCAAA-1	aPD3	36.33	SNG-1	aPD3
ACCATCCCAAGATGCG-1	aPD3	35.76	SNG-1	aPD3
ACCGCAGCACAAACGG-1	aPD3	29.49	SNG-1	aPD3
ACCGCAGGTACGCAAG-1	aPD3	47.99	SNG-1	aPD3
ACCGGGTAGACACAAT-1	aPD3	37.76	SNG-1	aPD3
ACCGGGTCAAGGAGGG-1	aPD3	67.43	SNG-1	aPD3
ACCGGGTCAGTAACGG-1	aPD3	24.9	SNG-1	aPD3
ACCTGCTGTGACGCAA-1	aPD3	37.49	SNG-1	aPD3
ACTACCCTCTATAGGC-1	aPD3	26.04	SNG-1	aPD3
ACTAGGTAGCTAGTTC-1	unassigned	23.28	SNG-1	aPD3
ACTATTCCAAGTAACA-1	aPD3	49.24	SNG-1	aPD3
ACTATTCTCTTCGTTA-1	aPD3	31.54	SNG-1	aPD3
ACTGCAAAGAGCACTG-1	aPD3	29.57	SNG-1	aPD3
ACTGCGGAGACTAGCG-1	aPD3	20.63	SNG-1	aPD3
ACTGTCCCAATTGCCA-1	aPD3	41.39	SNG-1	aPD3
ACTTCCGCAGTTAAAG-1	aPD3	38.14	SNG-1	aPD3
ACTTTCATCCTCATTA-1	aPD3	24.73	SNG-1	aPD3
AGATAGAAGTAGTTCC-1	unassigned	24.89	SNG-1	aPD3
AGCCAGCTCCAATAGC-1	unassigned	31.74	SNG-1	aPD3
AGCGTATAGCGAATAT-1	aPD3	26.64	SNG-1	aPD3
AGCGTATCATGCCCTT-1	aPD3	41.89	SNG-1	aPD3
AGCTGATAGGTGTCGA-1	unassigned	25.79	SNG-1	aPD3
AGCTGATGTCTAACCA-1	aPD3	24.77	SNG-1	aPD3
AGCTGATTCAGTACAC-1	aPD3	33.98	SNG-1	aPD3
AGCTGATTCCTAAGTG-1	aPD3	26.6	SNG-1	aPD3
AGCTGTAAGTTCGCGC-1	aPD3	22.8	SNG-1	aPD3
AGGACGAAGACTTCCA-1	aPD3	27.5	SNG-1	aPD3
AGGACGATCTAAACGC-1	aPD3	26.17	SNG-1	aPD3
AGGCCCACACTTTGGA-1	aPD3	44.77	SNG-1	aPD3
AGGCCCAGTAGACGCA-1	aPD3	34.48	SNG-1	aPD3
AGGCCTGAGCTGAGGT-1	aPD3	26.26	SNG-1	aPD3
AGTCAACAGGTCTTGT-1	aPD3	20.7	SNG-1	aPD3
AGTGCCGTCCCTACCA-1	aPD3	27.86	SNG-1	aPD3
AGTGCGCAGACCAATA-1	unassigned	40.44	SNG-1	aPD3
AGTTACGAGACGAAAG-1	aPD3	23.69	SNG-1	aPD3
AGTTACGAGTCATCTG-1	aPD3	20.74	SNG-1	aPD3
AGTTACGTCGGGTCCA-1	aPD3	47.2	SNG-1	aPD3
AGTTTGGAGATTGACA-1	aPD3	32.56	SNG-1	aPD3
AGTTTGGCACGCTCAG-1	aPD3	21.94	SNG-1	aPD3
ATAGTCGAGAAGCCGT-1	aPD3	49.3	SNG-1	aPD3
ATCCAGACACACATTG-1	aPD3	39.97	SNG-1	aPD3
ATCCAGATCCAACGCG-1	aPD3	21.29	SNG-1	aPD3
ATCCAGATCGGAGTTT-1	aPD3	21.44	SNG-1	aPD3
ATCCCTGGTGAATCGG-1	unassigned	42.13	SNG-1	aPD3
ATCCTGCAGTAGACCG-1	aPD3	25.17	SNG-1	aPD3
ATCCTGCCATTTGGCA-1	aPD3	31.37	SNG-1	aPD3
ATCCTGCGTGACGCAA-1	aPD3	25.49	SNG-1	aPD3
ATCGAGTTCCAGGCCA-1	aPD3	24.11	SNG-1	aPD3
ATGCATGAGTTAGAGT-1	aPD3	37.98	SNG-1	aPD3
ATGTCGAAGCTATCCA-1	aPD3	97.32	SNG-1	aPD3
ATGTTTCCAATCAGGG-1	aPD3	28.11	SNG-1	aPD3
ATGTTTCGTCCTATTT-1	aPD3	46.18	SNG-1	aPD3
ATTACCTCATTTCACT-1	aPD3	33.25	SNG-1	aPD3
ATTACCTTCGATCGCG-1	aPD3	40.64	SNG-1	aPD3
ATTACTCAGTCATCTG-1	aPD3	32.91	SNG-1	aPD3
ATTACTCAGTGTTCCA-1	aPD3	20.43	SNG-1	aPD3
CAAAGCTGTACGGAGT-1	unassigned	104.2	SNG-1	aPD3
CAACCAAAGATGAGGA-1	aPD3	23.63	SNG-1	aPD3
CAACCAAGTAGTGATA-1	aPD3	20.99	SNG-1	aPD3
CAAGAAAGTAGCTGTT-1	unassigned	24.23	SNG-1	aPD3
CAAGGCCAGCCATGGA-1	aPD3	22.7	SNG-1	aPD3
CAATCCCCATGGTAAA-1	aPD3	52.98	SNG-1	aPD3
CACCACTAGGACTAGC-1	aPD3	22.7	SNG-1	aPD3
CACCACTTCGTCCCAT-1	aPD3	27.5	SNG-1	aPD3
CACCTGTAGTACAGTA-1	aPD3	28.62	SNG-1	aPD3
CACCTTGAGCAGAGCT-1	aPD3	26.04	SNG-1	aPD3
CACCTTGGTAATGCCT-1	aPD3	21.1	SNG-1	aPD3
CACTAAGTCCCACTAC-1	aPD3	20.75	SNG-1	aPD3
CAGCTGGGTCACCGCA-1	aPD3	46.16	SNG-1	aPD3
CAGCTGGTCCTTTGCG-1	unassigned	20.33	SNG-1	aPD3
CAGGATTTCATGAACC-1	aPD3	20.71	SNG-1	aPD3
CAGGATTTCGAGGTCC-1	aPD3	21.64	SNG-1	aPD3
CAGTATGTCCAAACCA-1	aPD3	24.4	SNG-1	aPD3
CATAACGCACCTCGTT-1	aPD3	45.95	SNG-1	aPD3
CATGTTTGTCAATACC-1	aPD3	40.88	SNG-1	aPD3
CATTGGAGTATCAGCT-1	aPD3	20.46	SNG-1	aPD3
CCAATGACAAGTTGCT-1	aPD3	33.99	SNG-1	aPD3
CCAATGATCCCGGGTA-1	aPD3	27.75	SNG-1	aPD3
CCACGTTCACTTGCGG-1	aPD3	20.56	SNG-1	aPD3
CCATACCCAAGTAACA-1	aPD3	29.81	SNG-1	aPD3
CCATACCCAGGCATTT-1	aPD3	25.75	SNG-1	aPD3
CCCAGAGAGGTAGGAA-1	aPD3	29.38	SNG-1	aPD3
CCCAGAGTCTCGCGTT-1	aPD3	45.91	SNG-1	aPD3
CCCGTTACAATTAGGA-1	aPD3	23.04	SNG-1	aPD3
CCCGTTAGTTAGAGAT-1	aPD3	28.68	SNG-1	aPD3
CCCTAGTTCGGATCGC-1	aPD3	22.14	SNG-1	aPD3
CCCTCTCGTCGCTACG-1	aPD3	20.25	SNG-1	aPD3
CCCTCTCTCGGTTGTA-1	aPD3	29.7	SNG-1	aPD3
CCCTGATAGGGAAGCG-1	aPD3	61.01	SNG-1	aPD3
CCCTGATAGGTGAACC-1	aPD3	22.21	SNG-1	aPD3
CCCTGATGTGTTGTTG-1	unassigned	33.71	SNG-1	aPD3
CCCTGATTCCTTTGAT-1	aPD3	22.37	SNG-1	aPD3
CCCTGATTCTGTCGGG-1	aPD3	35.83	SNG-1	aPD3
CCGAAGCGTGTCCCAG-1	unassigned	23.89	SNG-1	aPD3
CCGTACTTCCAGCACG-1	aPD3	30.5	SNG-1	aPD3
CCGTAGGCAAACAGTA-1	unassigned	29.42	SNG-1	aPD3
CCGTGAGAGATCCGAG-1	aPD3	24.24	SNG-1	aPD3
CCTATTAAGCCAGAAC-1	aPD3	22.51	SNG-1	aPD3
CCTGGGACACAGAAGC-1	aPD3	20.01	SNG-1	aPD3
CCTGGGAGTCAGAGTG-1	aPD3	31.51	SNG-1	aPD3
CCTTAATCATTAAGGA-1	aPD3	33.63	SNG-1	aPD3
CCTTAATTCTGCCGAG-1	aPD3	27.14	SNG-1	aPD3
CCTTGCAAGAGCTGTG-1	aPD3	24.76	SNG-1	aPD3
CGAGTTACACAGATGG-1	aPD3	37.74	SNG-1	aPD3
CGAGTTATCGTTTGAG-1	aPD3	81.07	SNG-1	aPD3
CGCAATACATCGCTAA-1	unassigned	27.68	SNG-1	aPD3
CGCAATAGTCCACCAG-1	aPD3	20.53	SNG-1	aPD3
CGCACAGGTATGTCCA-1	aPD3	23.28	SNG-1	aPD3
CGCACAGTCCATTGTT-1	aPD3	25.68	SNG-1	aPD3
CGCGCAATCCGTGCAG-1	aPD3	24.7	SNG-1	aPD3
CGCTAGGCAATGGCAG-1	aPD3	26.88	SNG-1	aPD3
CGGACCAAGTCGCCTG-1	aPD3	20.99	SNG-1	aPD3
CGGACTGAGTATACGA-1	aPD3	39.41	SNG-1	aPD3
CGGTGCAGTTGTGACT-1	aPD3	29.81	SNG-1	aPD3
CGTGGCAAGGCACTAG-1	aPD3	33.3	SNG-1	aPD3
CGTGGCAGTTGGCTTA-1	aPD3	22.58	SNG-1	aPD3
CGTTCCAAGCTCGTTA-1	aPD3	25.25	SNG-1	aPD3
CTACAGATCGCGCCAA-1	aPD3	28.02	SNG-1	aPD3
CTACTTAGTCTAAAGA-1	aPD3	26.41	SNG-1	aPD3
CTACTTATCGATGTAC-1	aPD3	46.65	SNG-1	aPD3
CTAGGATCAATAGTGA-1	aPD3	33.06	SNG-1	aPD3
CTAGGATCACAGTTAC-1	aPD3	30.71	SNG-1	aPD3
CTAGGGCAGGTAGGCT-1	aPD3	25.55	SNG-1	aPD3
CTCACCAAGTCATCTG-1	aPD3	25.73	SNG-1	aPD3
CTCAGAAAGAAATCTG-1	aPD3	30.17	SNG-1	aPD3
CTCAGAAAGCCTGTAT-1	aPD3	42.27	SNG-1	aPD3
CTCAGCTTCTCTTAAC-1	aPD3	35.82	SNG-1	aPD3
CTCCCAACACTACACA-1	aPD3	40.4	SNG-1	aPD3
CTCCCAACATCGAGTT-1	aPD3	24.49	SNG-1	aPD3
CTCTACGTCTCGGCGA-1	aPD3	22.45	SNG-1	aPD3
CTCTAGCGTCTGTTGA-1	aPD3	23.65	SNG-1	aPD3
CTCTAGCTCTGTTTAC-1	aPD3	28.24	SNG-1	aPD3
CTCTCAGCATGGCCGT-1	aPD3	28.31	SNG-1	aPD3
CTGCTCATCCCACGGA-1	aPD3	40.19	SNG-1	aPD3
CTGGCAGGTTGGCTAT-1	aPD3	20.37	SNG-1	aPD3
CTGGGACGTCCAAGTT-1	aPD3	36.13	SNG-1	aPD3
CTGTATTGTAACGGCA-1	aPD3	22.51	SNG-1	aPD3
CTTAATCGTGGACGAT-1	aPD3	39.1	SNG-1	aPD3
CTTGAAGTCGTCCCTA-1	aPD3	55.03	SNG-1	aPD3
CTTGTCGAGGGTCTGA-1	aPD3	21.53	SNG-1	aPD3
CTTGTCGCAACATAAG-1	aPD3	30.25	SNG-1	aPD3
CTTTGCGGTCCACCAG-1	aPD3	37.5	SNG-1	aPD3
GAAACAACATGCGACC-1	aPD3	28.57	SNG-1	aPD3
GAAAGTAGTATGTCCA-1	aPD3	33.24	SNG-1	aPD3
GAAATGAAGACCGCAA-1	unassigned	20.8	SNG-1	aPD3
GAACCGCGTCGATTAC-1	aPD3	24.24	SNG-1	aPD3
GAACCTACACCACCAG-1	aPD3	23.02	SNG-1	aPD3
GAACCTAGTACGGAGT-1	aPD3	41.14	SNG-1	aPD3
GAACGTTTCCCAGTAA-1	aPD3	30.14	SNG-1	aPD3
GAAGAGCTCGGCATAT-1	aPD3	58.69	SNG-1	aPD3
GAAGAGCTCTTCATAC-1	aPD3	43.87	SNG-1	aPD3
GAAGTCTTCACTGGTA-1	aPD3	26.9	SNG-1	aPD3
GAAGTGGGTCAGTGCC-1	unassigned	32.32	SNG-1	aPD3
GACCAATAGCTTCAAC-1	aPD3	39.42	SNG-1	aPD3
GACCCAGCATTACTCT-1	aPD3	31.22	SNG-1	aPD3
GACCGACAGGAGAACA-1	aPD3	27.42	SNG-1	aPD3
GACCTTCGTTACGCTA-1	aPD3	23.38	SNG-1	aPD3
GACCTTCTCTATATCC-1	aPD3	24.59	SNG-1	aPD3
GACTAACCATTAGCCA-1	aPD3	44.98	SNG-1	aPD3
GACTAGTCACATATCG-1	aPD3	35.37	SNG-1	aPD3
GACTAGTGTGGTACTT-1	aPD3	20.98	SNG-1	aPD3
GAGAACGAGCGCGTTC-1	aPD3	39.22	SNG-1	aPD3
GAGATTCAGCAGAGCT-1	aPD3	37.89	SNG-1	aPD3
GAGCATTGTCGATTAC-1	aPD3	22.64	SNG-1	aPD3
GAGCATTGTGCAAGAC-1	aPD3	22.64	SNG-1	aPD3
GAGCGCTAGTGAAACT-1	aPD3	30.28	SNG-1	aPD3
GAGGATGAGTAGGTCG-1	aPD3	25.39	SNG-1	aPD3
GAGTGAGTCTACTGCC-1	aPD3	22.53	SNG-1	aPD3
GATCGTATCCAACGCG-1	aPD3	23	SNG-1	aPD3
GATGATCTCTACCCGT-1	aPD3	25.83	SNG-1	aPD3
GATGGCCAGGTAGGAA-1	aPD3	75.47	SNG-1	aPD3
GATGGCCTCGGTCAGC-1	unassigned	28.88	SNG-1	aPD3
GATGGCCTCTATTTCG-1	aPD3	40.79	SNG-1	aPD3
GATGGCCTCTCTGACC-1	aPD3	40.96	SNG-1	aPD3
GATTAGCAGTGAAACT-1	aPD3	65.33	SNG-1	aPD3
GATTAGCGTGGACAGT-1	aPD3	25.85	SNG-1	aPD3
GATTGACCAGGCACAA-1	aPD3	31.45	SNG-1	aPD3
GCAAAGGCATACTGCA-1	aPD3	46.74	SNG-1	aPD3
GCACCTTGTGTTGTTG-1	aPD3	21.53	SNG-1	aPD3
GCACCTTTCTAGCAGT-1	aPD3	22.22	SNG-1	aPD3
GCACGCACACCTACCT-1	unassigned	28.19	SNG-1	aPD3
GCACGGTAGTTGACAA-1	aPD3	27.93	SNG-1	aPD3
GCACGGTTCGCTTCAC-1	aPD3	104.03	SNG-1	aPD3
GCAGATTAGATCGATA-1	aPD3	23.23	SNG-1	aPD3
GCAGATTCATCCTCGT-1	aPD3	24.81	SNG-1	aPD3
GCAGCTGTCGTATAGC-1	aPD3	27.93	SNG-1	aPD3
GCATTGAAGTCGAAAT-1	aPD3	21.93	SNG-1	aPD3
GCATTGAAGTTCCAGT-1	aPD3	34	SNG-1	aPD3
GCATTGACAGTTGCAT-1	aPD3	21.5	SNG-1	aPD3
GCCAGCATCGCAAACT-1	aPD3	58.43	SNG-1	aPD3
GCCATAAAGAGCAGCT-1	aPD3	67.76	SNG-1	aPD3
GCCATAAGTAATGCAA-1	aPD3	33.49	SNG-1	aPD3
GCCATAAGTAGGTCTT-1	aPD3	23.87	SNG-1	aPD3
GCCATAAGTCTTAGCA-1	aPD3	21.64	SNG-1	aPD3
GCCCGAACACGATTAC-1	aPD3	24.54	SNG-1	aPD3
GCCCGAAGTCATAGAA-1	aPD3	26.59	SNG-1	aPD3
GCCTACTAGAATACTG-1	aPD3	22.3	SNG-1	aPD3
GCCTACTTCGAGAACG-1	aPD3	20.64	SNG-1	aPD3
GCCTAGGCACAATAAG-1	aPD3	30.56	SNG-1	aPD3
GCGAGAAGTGCACTTA-1	aPD3	22.41	SNG-1	aPD3
GCGAGTCAGGACCGAT-1	aPD3	27.85	SNG-1	aPD3
GCGAGTCGTTGGACGA-1	aPD3	21.42	SNG-1	aPD3
GCGATCGTCGTGAACT-1	aPD3	35.53	SNG-1	aPD3
GCGCATGTCGAACACT-1	aPD3	21.39	SNG-1	aPD3
GCGCCAAAGGAGTCTG-1	aPD3	31.11	SNG-1	aPD3
GCGCCAAGTTTCCGGG-1	aPD3	32.24	SNG-1	aPD3
GCGGAAACATCGCCTT-1	aPD3	49.2	SNG-1	aPD3
GCGGAAATCTGAGTAC-1	aPD3	32.06	SNG-1	aPD3
GCGGTGTAGTCCAGAG-1	aPD3	45.22	SNG-1	aPD3
GCGGTGTCACCACAGC-1	aPD3	23.74	SNG-1	aPD3
GCGGTGTCAGCGTACC-1	aPD3	33.99	SNG-1	aPD3
GCGTAGCGTCCTCAGG-1	aPD3	30.6	SNG-1	aPD3
GCGTAGCTCACCCTTG-1	aPD3	32.16	SNG-1	aPD3
GCTCCTATCCTCCATG-1	aPD3	32.07	SNG-1	aPD3
GCTGCGAGTGATAAGT-1	unassigned	69.28	SNG-1	aPD3
GCTGTTCGTGTAGGAC-1	aPD3	26.92	SNG-1	aPD3
GCTGTTCTCCCTACGT-1	aPD3	22.93	SNG-1	aPD3
GGAACCCCACCCATCT-1	unassigned	24.13	SNG-1	aPD3
GGAACTTCATTGAACC-1	aPD3	28.98	SNG-1	aPD3
GGAATCTAGAGGCGGA-1	aPD3	21.94	SNG-1	aPD3
GGAATCTCAACGTCCG-1	aPD3	23.07	SNG-1	aPD3
GGAATCTTCTAGCAGT-1	aPD3	21.15	SNG-1	aPD3
GGACACCCATCATGTG-1	aPD3	21.54	SNG-1	aPD3
GGATAGGCATCAGAAA-1	aPD3	28.25	SNG-1	aPD3
GGATGAGTCTATCTTG-1	aPD3	23.57	SNG-1	aPD3
GGCATTAAGGCCAGTA-1	aPD3	25.9	SNG-1	aPD3
GGCATTAGTAGCGGTA-1	aPD3	20.37	SNG-1	aPD3
GGCGTTGTCGTCCCTA-1	aPD3	28.77	SNG-1	aPD3
GGGAACATCTATATCC-1	aPD3	26.27	SNG-1	aPD3
GGGACCTCAAGGCGTA-1	aPD3	22.62	SNG-1	aPD3
GGGCCATAGTGAGCTG-1	aPD3	54.31	SNG-1	aPD3
GGGCCATTCAGCCGAC-1	aPD3	30.59	SNG-1	aPD3
GGGCCATTCAGGTCTA-1	aPD3	26.03	SNG-1	aPD3
GGGCCATTCTCTGACC-1	aPD3	28.74	SNG-1	aPD3
GGGTCTGGTACTTCAG-1	aPD3	23.86	SNG-1	aPD3
GGGTGTCGTAACACTC-1	aPD3	26.29	SNG-1	aPD3
GGTACCGAGTCCCTCT-1	aPD3	30.95	SNG-1	aPD3
GGTAGGAGTGGAAGCT-1	unassigned	39.69	SNG-1	aPD3
GGTGAAGGTCGTAGTT-1	aPD3	38.57	SNG-1	aPD3
GGTGCTGGTCTCTGGG-1	aPD3	21.68	SNG-1	aPD3
GGTGTCGAGAATATCG-1	aPD3	23.35	SNG-1	aPD3
GGTGTCGCATTCACCC-1	aPD3	30.18	SNG-1	aPD3
GGTTGCGAGAGCACTG-1	aPD3	22.13	SNG-1	aPD3
GGTTGCGCACGTTACA-1	aPD3	20.86	SNG-1	aPD3
GTAATCGGTCTGGATT-1	aPD3	41.19	SNG-1	aPD3
GTAGGAGCACCACGAC-1	aPD3	31.98	SNG-1	aPD3
GTCACAACAACGAGGT-1	aPD3	34.38	SNG-1	aPD3
GTCACCTTCTCTATCA-1	aPD3	30.68	SNG-1	aPD3
GTCACGGTCCCGGGTA-1	aPD3	38.38	SNG-1	aPD3
GTCACTCGTCAGAAAT-1	aPD3	24.54	SNG-1	aPD3
GTCGTAACACTGTCAA-1	aPD3	42.58	SNG-1	aPD3
GTCTACCTCGCACAAT-1	aPD3	27.29	SNG-1	aPD3
GTGATCACACCACAGC-1	aPD3	29.58	SNG-1	aPD3
GTGCACGCAACTCGTA-1	aPD3	28.46	SNG-1	aPD3
GTGCCAGCATTTCTTG-1	aPD3	22.1	SNG-1	aPD3
GTGCCAGGTGCTTGAT-1	aPD3	24.19	SNG-1	aPD3
GTGCCAGTCCCGGGTA-1	aPD3	21.35	SNG-1	aPD3
GTGGCGTCACTAGGAG-1	aPD3	28.94	SNG-1	aPD3
GTGTCAATCCGGAAAG-1	aPD3	37.35	SNG-1	aPD3
GTGTCCTCAGGCAAGT-1	aPD3	36.31	SNG-1	aPD3
GTGTCCTGTCATCGTA-1	unassigned	24.71	SNG-1	aPD3
GTTACGACAGCGTGAA-1	aPD3	25.57	SNG-1	aPD3
GTTACGATCTGTTTAC-1	aPD3	33.11	SNG-1	aPD3
GTTACTTGTCGCTAGC-1	aPD3	25.74	SNG-1	aPD3
GTTATGGAGCCAGAAC-1	aPD3	31.85	SNG-1	aPD3
GTTATGGTCTGAGTCA-1	aPD3	21.79	SNG-1	aPD3
GTTATTCAGGCGTCCT-1	aPD3	31.3	SNG-1	aPD3
GTTCAAGCATTGCGAT-1	aPD3	25	SNG-1	aPD3
TAACAGCGTTGCAGCC-1	aPD3	28.33	SNG-1	aPD3
TAACGGTAGCGATACG-1	aPD3	31.87	SNG-1	aPD3
TAAGTGCAGGATGTCG-1	aPD3	32.62	SNG-1	aPD3
TACAGCATCATGCTTT-1	aPD3	26.89	SNG-1	aPD3
TACATGGCAACACGGA-1	aPD3	21.69	SNG-1	aPD3
TACCCTGGTACGGAGT-1	aPD3	21.23	SNG-1	aPD3
TACCCTGTCCAAGAGG-1	aPD3	24.36	SNG-1	aPD3
TACCTATCATTCTTTG-1	aPD3	33.13	SNG-1	aPD3
TACCTCGAGAATACTG-1	aPD3	37.04	SNG-1	aPD3
TACGCAACAACGGGTA-1	unassigned	44.16	SNG-1	aPD3
TACGCCTGTGTCTACA-1	aPD3	39.81	SNG-1	aPD3
TACGCCTTCGATGCAT-1	unassigned	28.38	SNG-1	aPD3
TACGGATCAATCCATG-1	aPD3	32.54	SNG-1	aPD3
TACTAGGAGCGAATAT-1	aPD3	36.71	SNG-1	aPD3
TACTCGCGTCAGGCTC-1	aPD3	55.15	SNG-1	aPD3
TACTCGCGTCGACTGC-1	aPD3	20.96	SNG-1	aPD3
TAGACTGGTCTGATTG-1	aPD3	31.78	SNG-1	aPD3
TAGACTGTCCTGGGAC-1	unassigned	24.37	SNG-1	aPD3
TAGCACACATCACAGT-1	aPD3	31.17	SNG-1	aPD3
TAGCACATCTCTTAAC-1	aPD3	22.38	SNG-1	aPD3
TAGCATGTCCCGTAGG-1	aPD3	24.5	SNG-1	aPD3
TAGCCCTCATTGCACA-1	aPD3	37.9	SNG-1	aPD3
TAGCCCTTCAGGTTTG-1	aPD3	31.45	SNG-1	aPD3
TAGCGGCCAGGGTAAC-1	aPD3	34.02	SNG-1	aPD3
TAGGAGGCATTACCTT-1	aPD3	35.9	SNG-1	aPD3
TAGGAGGTCGCATAAC-1	aPD3	34.77	SNG-1	aPD3
TAGGTGTCATTCCCGT-1	unassigned	38.25	SNG-1	aPD3
TAGTCCCGTTGCAGCC-1	unassigned	21.67	SNG-1	aPD3
TATCGAGTCTCTCAAT-1	unassigned	32.85	SNG-1	aPD3
TATCTGTCACTGAAGG-1	unassigned	24.9	SNG-1	aPD3
TCAAAGCTCGTGGAAG-1	aPD3	24.32	SNG-1	aPD3
TCAAGACCAACGGGTA-1	aPD3	28.16	SNG-1	aPD3
TCAAGACCAGCAATGG-1	aPD3	24.39	SNG-1	aPD3
TCACAAGAGGTGTTGG-1	aPD3	33.86	SNG-1	aPD3
TCACAAGCAACGGACA-1	aPD3	49.02	SNG-1	aPD3
TCACAGAAGGCTCAGA-1	unassigned	23.47	SNG-1	aPD3
TCAGCTCCATCCCGGA-1	aPD3	20.21	SNG-1	aPD3
TCAGCTCTCAGTGTGT-1	aPD3	26.83	SNG-1	aPD3
TCCAGAATCCATTGAG-1	aPD3	44.23	SNG-1	aPD3
TCCATCGGTCATCGTA-1	aPD3	49.19	SNG-1	aPD3
TCCATCGGTCTGCGCA-1	aPD3	38.77	SNG-1	aPD3
TCCATCGTCTAGCAGT-1	aPD3	20.75	SNG-1	aPD3
TCCGACTGTTCTACCC-1	unassigned	36.53	SNG-1	aPD3
TCGATTTTCCTTCGAC-1	aPD3	21.91	SNG-1	aPD3
TCGCAGGCACATAAAG-1	aPD3	23.61	SNG-1	aPD3
TCGCAGGCATGGAGGT-1	aPD3	22.46	SNG-1	aPD3
TCGTTCGCAGAGCCAA-1	aPD3	21.62	SNG-1	aPD3
TCTATTGGTCTGATTG-1	unassigned	25.89	SNG-1	aPD3
TCTCTGGGTGGTGGTA-1	aPD3	40.34	SNG-1	aPD3
TGAATCGCACGGTTAT-1	aPD3	37.27	SNG-1	aPD3
TGACAACCAACCTCTC-1	aPD3	29.06	SNG-1	aPD3
TGACAACTCTCTCAAT-1	aPD3	50.48	SNG-1	aPD3
TGACAACTCTTTCGAT-1	unassigned	24.23	SNG-1	aPD3
TGAGTCACACTCAAGT-1	unassigned	31.16	SNG-1	aPD3
TGATGCAAGTCGAGCA-1	aPD3	27.58	SNG-1	aPD3
TGCACCTTCCAATCCC-1	unassigned	30.07	SNG-1	aPD3
TGCATGAGTTCTTAGG-1	unassigned	38.84	SNG-1	aPD3
TGCATTTCACGCGTTG-1	aPD3	36.44	SNG-1	aPD3
TGCATTTCAGCTGATT-1	unassigned	22.71	SNG-1	aPD3
TGCATTTCATAGACGG-1	aPD3	20.23	SNG-1	aPD3
TGCTCACCAGCGTACC-1	unassigned	23.84	SNG-1	aPD3
TGCTCACCATGTGAGG-1	aPD3	27.75	SNG-1	aPD3
TGCTCACGTTAGTAGA-1	aPD3	20.96	SNG-1	aPD3
TGCTCACTCGCTATAG-1	unassigned	28.5	SNG-1	aPD3
TGCTTCGTCACACGTA-1	unassigned	27.63	SNG-1	aPD3
TGCTTTAAGTGATTAG-1	aPD3	25.71	SNG-1	aPD3
TGCTTTACAGTAACCT-1	aPD3	51.55	SNG-1	aPD3
TGCTTTAGTAGAGAGA-1	aPD3	22.11	SNG-1	aPD3
TGGAAGGAGATGGCAC-1	unassigned	25.07	SNG-1	aPD3
TGGAAGGAGCGCCTAC-1	aPD3	46.22	SNG-1	aPD3
TGGAAGGCAGGCAGAT-1	aPD3	29.61	SNG-1	aPD3
TGGCAATAGGGTCCCT-1	unassigned	64.41	SNG-1	aPD3
TGGCAATCATTACACG-1	aPD3	36.74	SNG-1	aPD3
TGGCCTTAGCATGTGG-1	aPD3	20.88	SNG-1	aPD3
TGGCGCAGTCACTCTC-1	aPD3	28.18	SNG-1	aPD3
TGGGTGCCACCGTTGG-1	aPD3	22.53	SNG-1	aPD3
TGGTCCTCAGGATGTG-1	unassigned	32.82	SNG-1	aPD3
TGGTCCTTCTTGTCAT-1	aPD3	27.33	SNG-1	aPD3
TGTAAGCCAACGTACT-1	aPD3	26.45	SNG-1	aPD3
TGTAGCACATCCCAAA-1	unassigned	25.31	SNG-1	aPD3
TGTAGCATCTATCTTG-1	unassigned	26.56	SNG-1	aPD3
TGTGTCCAGTCTCGAT-1	aPD3	32.72	SNG-1	aPD3
TGTGTCCTCCCAGCGA-1	aPD3	21.69	SNG-1	aPD3
TGTTAGGCAGTGGTCC-1	aPD3	22.29	SNG-1	aPD3
TTAACGGGTAAAGGCC-1	aPD3	20.3	SNG-1	aPD3
TTAACGGGTCAATCCA-1	aPD3	33.21	SNG-1	aPD3
TTACCGCCAAACGACG-1	unassigned	50.26	SNG-1	aPD3
TTACGGAAGCACCATT-1	aPD3	38.33	SNG-1	aPD3
TTACGTTTCCATCATT-1	aPD3	37.92	SNG-1	aPD3
TTACTCATCTACATCT-1	aPD3	21.15	SNG-1	aPD3
TTACTCATCTGTGTGA-1	unassigned	28	SNG-1	aPD3
TTATGTCAGGTTAACA-1	aPD3	23.71	SNG-1	aPD3
TTCATCATCTGGGCGT-1	aPD3	37.04	SNG-1	aPD3
TTCGATTCAGCAACAG-1	aPD3	58.95	SNG-1	aPD3
TTCGCGTGTAGTGATA-1	unassigned	21.88	SNG-1	aPD3
TTCGGTCCACAGCCAC-1	unassigned	35.23	SNG-1	aPD3
TTCGGTCGTTTCTTAC-1	unassigned	23.24	SNG-1	aPD3
TTCGTTAAGGTCACTT-1	unassigned	29.57	SNG-1	aPD3
TTCGTTATCTATCTAC-1	unassigned	55.53	SNG-1	aPD3
TTCTAACAGTAACATG-1	unassigned	28.35	SNG-1	aPD3
TTGAGCAAGTGATTAG-1	aPD3	20.72	SNG-1	aPD3
TTGCACCCAATCCATG-1	aPD3	29.51	SNG-1	aPD3
TTGCCCAAGAAATTCG-1	aPD3	23.63	SNG-1	aPD3
TTGCGGGAGTGGTGTG-1	aPD3	39.6	SNG-1	aPD3
TTGCTATCAGGTGGTA-1	unassigned	24.29	SNG-1	aPD3
TTGCTATTCGGTCTCT-1	aPD3	33.28	SNG-1	aPD3
TTGGTCCAGAACTAAC-1	aPD3	26.19	SNG-1	aPD3
TTGTTCAAGCGGACTA-1	aPD3	21.92	SNG-1	aPD3
TTGTTCATCCAGCACG-1	aPD3	35.29	SNG-1	aPD3
TTGTTGTCACTCGCAG-1	aPD3	37.59	SNG-1	aPD3
TTTGAGGGTTAGCTCA-1	aPD3	36.87	SNG-1	aPD3
TTTGCGCGTCATTGCA-1	aPD3	26.07	SNG-1	aPD3
TTTGGTTTCCATACGA-1	aPD3	22.25	SNG-1	aPD3
TTTGTGTAGTTAGCAA-1	aPD3	37.98	SNG-1	aPD3
AAACGAAAGTCGCCTG-1	C1	37.77	SNG-3	C1
AAACTCGAGTAGTGTA-1	C1	42.85	SNG-3	C1
AAACTCGGTAAAGGCC-1	C1	36.24	SNG-3	C1
AAAGGATTCTGTGTGA-1	C1	31.93	SNG-3	C1
AAAGGGCGTAACTCCA-1	C1	32.61	SNG-3	C1
AAAGGGCTCGTGGTAT-1	C1	34.71	SNG-3	C1
AAATGAGCACTTTGGA-1	C1	25.27	SNG-3	C1
AACAAAGAGCTGAAAT-1	C1	43.72	SNG-3	C1
AACAGTCCACGATTAC-1	C1	44.84	SNG-3	C1
AACAGTCGTGCTAGTT-1	C1	40.58	SNG-3	C1
AACCAACCATCGTGAT-1	C1	47.4	SNG-3	C1
AACCGATAGTAGTGTA-1	C1	20.92	SNG-3	C1
AACCTTTCAGTAGTTC-1	C1	36.55	SNG-3	C1
AACCTTTGTAACCGAG-1	C1	44.3	SNG-3	C1
AACCTTTTCAAGGCCC-1	C1	26.33	SNG-3	C1
AACGAGGAGCGATACG-1	C1	35.14	SNG-3	C1
AACGGGAGTCCATTGA-1	C1	34.32	SNG-3	C1
AACGTACAGAGCTACG-1	C1	36.02	SNG-3	C1
AACGTACCACTGGGCT-1	C1	33.26	SNG-3	C1
AACGTACCAGAATGCG-1	C1	35.9	SNG-3	C1
AACTGGTAGGTTGTTC-1	C1	28.64	SNG-3	C1
AACTGGTCAATTGGCT-1	C1	32.05	SNG-3	C1
AACTGTGAGTCCTTCC-1	C1	23.64	SNG-3	C1
AACTTGGCACAGTAGG-1	C1	40.44	SNG-3	C1
AACTTGGGTGCCCTAG-1	C1	25.78	SNG-3	C1
AAGGTTCAGGTCGTTT-1	C1	27.22	SNG-3	C1
AAGGTTCTCGTTACAG-1	C1	34.94	SNG-3	C1
AATGCCATCAAGGCAG-1	C1	23.55	SNG-3	C1
AATGGAAAGTGCACAG-1	C1	85.18	SNG-3	C1
AATGGCTAGCAATAAC-1	C1	35.76	SNG-3	C1
AATGGCTGTGGAAAGA-1	C1	21.71	SNG-3	C1
AATGTCGGTGCAAGCA-1	C1	27.08	SNG-3	C1
ACAAACCAGTTAGAGT-1	C1	29.38	SNG-3	C1
ACAAACCTCCTTGACC-1	C1	45.66	SNG-3	C1
ACAAAGAAGCGTTGCC-1	C1	37.38	SNG-3	C1
ACAAAGACATTACTCT-1	C1	41.43	SNG-3	C1
ACAAAGAGTGCGTTTA-1	C1	28.99	SNG-3	C1
ACAAGCTAGGCAAGCT-1	C1	64.79	SNG-3	C1
ACAAGCTCATGGGAAC-1	C1	32.84	SNG-3	C1
ACAATCGCATACCCGG-1	C1	54.69	SNG-3	C1
ACAATCGGTTGAATAG-1	C1	59.02	SNG-3	C1
ACAGCGCTCTTTCGAT-1	C1	53.89	SNG-3	C1
ACAGGCCCATGCGACC-1	C1	32.68	SNG-3	C1
ACATGCACAGTTGCAT-1	C1	33.74	SNG-3	C1
ACATGCAGTAACACTC-1	C1	32.89	SNG-3	C1
ACCATCCTCGGAGTTT-1	C1	36.64	SNG-3	C1
ACCCAAAAGCTATCCA-1	C1	37.32	SNG-3	C1
ACCGCAGGTCAGTGCC-1	C1	22.71	SNG-3	C1
ACCGGGTAGAGAGTAG-1	C1	43.64	SNG-3	C1
ACGTGGCCAAACCTAC-1	C1	32.37	SNG-3	C1
ACGTGGCCACTAAACC-1	C1	33.64	SNG-3	C1
ACGTGGCGTTAGAGAT-1	C1	40.7	SNG-3	C1
ACGTTAGTCATGCTTT-1	C1	45.35	SNG-3	C1
ACTAACGAGGTACACG-1	C1	29.65	SNG-3	C1
ACTAACGCAAGACACG-1	C1	52.13	SNG-3	C1
ACTAACGCAAGGAACC-1	C1	50.64	SNG-3	C1
ACTACCCGTCCGTAGC-1	C1	28.93	SNG-3	C1
ACTACGACACGATTAC-1	C1	36.41	SNG-3	C1
ACTAGGTTCAGATACC-1	C1	21.11	SNG-3	C1
ACTAGGTTCTCTCAAT-1	C1	22.87	SNG-3	C1
ACTATTCAGAATGCTA-1	C1	41.58	SNG-3	C1
ACTATTCCAGTAAGAT-1	C1	43.61	SNG-3	C1
ACTCGGGTCACCGCGA-1	C1	28.22	SNG-3	C1
ACTCGGGTCTGGACAT-1	C1	39.31	SNG-3	C1
ACTGCGGCATCGTGAT-1	C1	20.23	SNG-3	C1
ACTGCGGGTGCACCCA-1	C1	24.15	SNG-3	C1
ACTGTCCTCGCGTTCT-1	C1	32.24	SNG-3	C1
ACTTCCGAGAGGTCCA-1	C1	45.38	SNG-3	C1
AGACAAACATAGCCGC-1	C1	24.35	SNG-3	C1
AGATAGATCTGGAAGG-1	C1	50.89	SNG-3	C1
AGATTCGCAATACTGC-1	C1	39.86	SNG-3	C1
AGCCCGAGTCGAGAAC-1	C1	54.56	SNG-3	C1
AGCCTCTAGTGGTGTG-1	C1	39.9	SNG-3	C1
AGCCTGGGTTGCCTGG-1	C1	26.45	SNG-3	C1
AGCCTGGTCTCTGCAC-1	C1	28.85	SNG-3	C1
AGCCTTCTCGAGTTAC-1	C1	35.52	SNG-3	C1
AGCTGATCATTTCACT-1	C1	32.99	SNG-3	C1
AGCTGGCAGCGCATTT-1	C1	33.15	SNG-3	C1
AGGCCCACAGGTAGGT-1	C1	59.19	SNG-3	C1
AGGCCTGGTCTCTAAG-1	C1	48.18	SNG-3	C1
AGGCGTCAGATGTTGA-1	C1	23.69	SNG-3	C1
AGTGCCGCAACTACTG-1	C1	23.5	SNG-3	C1
AGTGCGCAGCGAGCTA-1	C1	25.16	SNG-3	C1
AGTGCGCCAACCTCCT-1	C1	40.39	SNG-3	C1
AGTGCGCCATGGAGGT-1	C1	33.75	SNG-3	C1
AGTGCGCCATTCCCGT-1	C1	35.37	SNG-3	C1
AGTGTACTCGCGCCAA-1	C1	49.8	SNG-3	C1
AGTTACGAGGAAGAAC-1	C1	29.24	SNG-3	C1
AGTTTGGAGTTCAGGG-1	unassigned	23.14	SNG-3	C1
ATAGTCGGTTAACCGT-1	C1	40.34	SNG-3	C1
ATATTCCAGTGAGCAC-1	unassigned	44.23	SNG-3	C1
ATCCAGAAGTTACACC-1	C1	32.2	SNG-3	C1
ATCCTCGAGTGAGTGC-1	C1	29.64	SNG-3	C1
ATCCTCGCATTCTCGC-1	C1	20.88	SNG-3	C1
ATCCTCGGTAGAATAC-1	C1	20.17	SNG-3	C1
ATCCTGCAGTAGCAAT-1	C1	35.76	SNG-3	C1
ATCCTGCGTGCATTCA-1	C1	37.19	SNG-3	C1
ATCCTGCTCTCTTAAC-1	C1	45.93	SNG-3	C1
ATGGATCAGAGCTACG-1	C1	33.76	SNG-3	C1
ATGGATCGTCCTATTT-1	C1	45.7	SNG-3	C1
ATGTACGGTTCTTTGT-1	C1	40.09	SNG-3	C1
ATGTACGTCCAACCTC-1	C1	31.48	SNG-3	C1
ATGTCGAAGTACCACT-1	C1	37.66	SNG-3	C1
ATGTCGAAGTCAGGAC-1	C1	31.95	SNG-3	C1
ATGTCGAGTCGACTGC-1	C1	24.72	SNG-3	C1
ATGTCTTAGGACTTTC-1	C1	25.23	SNG-3	C1
ATGTCTTGTAGCGTTT-1	C1	37.91	SNG-3	C1
ATGTTTCGTAAGCCTT-1	C1	61.57	SNG-3	C1
ATTACCTGTAGTAACA-1	C1	40.71	SNG-3	C1
ATTACCTTCACTTACT-1	C1	50.14	SNG-3	C1
ATTACTCAGGTTAGTA-1	C1	35.95	SNG-3	C1
ATTCGTTGTGAATCAA-1	C1	28.84	SNG-3	C1
ATTCGTTTCTTCTCTC-1	C1	24.4	SNG-3	C1
CAAAGCTTCGGGATCC-1	C1	31.2	SNG-3	C1
CAACGGCCAATTCGTG-1	C1	40.34	SNG-3	C1
CAACGGCGTTAGGAGC-1	C1	33.74	SNG-3	C1
CACAACAAGCTAGCAG-1	C1	48.26	SNG-3	C1
CACCTGTCACTACACA-1	C1	38	SNG-3	C1
CACCTTGGTCAGAGTG-1	C1	36.51	SNG-3	C1
CACCTTGTCTTGCGCT-1	C1	69.51	SNG-3	C1
CACGTTCGTTTGTGAC-1	C1	22.09	SNG-3	C1
CACGTTCTCTATCTCA-1	C1	32.94	SNG-3	C1
CACTAAGCAACGCAAG-1	C1	35.57	SNG-3	C1
CAGCCTTAGCCGCAAA-1	C1	26.49	SNG-3	C1
CAGTGCGCACAACGGA-1	C1	32.96	SNG-3	C1
CAGTGCGGTTGTGAGG-1	C1	53.37	SNG-3	C1
CAGTGCGTCCCAGTAA-1	C1	40.56	SNG-3	C1
CATAACGAGGTTCGTT-1	C1	28.79	SNG-3	C1
CATAACGGTCTGTCCT-1	C1	40.89	SNG-3	C1
CATAACGGTGGACCAA-1	C1	49.7	SNG-3	C1
CATAACGGTTACACTG-1	C1	34.15	SNG-3	C1
CATGTTTCATCGTGAT-1	unassigned	25.61	SNG-3	C1
CATTCATAGGTCTTTG-1	C1	32.32	SNG-3	C1
CATTGGATCGGGCTCA-1	C1	30.3	SNG-3	C1
CCAATGATCGGGATCC-1	C1	27.63	SNG-3	C1
CCACAGGCACTGTCAA-1	C1	26.85	SNG-3	C1
CCACGTTGTGCTAGTT-1	C1	52.51	SNG-3	C1
CCAGAATTCAAACCCA-1	C1	61.75	SNG-3	C1
CCAGATACACTGTTAG-1	C1	25.4	SNG-3	C1
CCAGATAGTAAGTGCG-1	C1	49.98	SNG-3	C1
CCAGATATCCAATAGC-1	C1	29.11	SNG-3	C1
CCCACATAGAATGCTA-1	C1	40.23	SNG-3	C1
CCCAGAGAGGATGTCG-1	C1	42.6	SNG-3	C1
CCCGTTAAGGTACTCT-1	C1	35.65	SNG-3	C1
CCCGTTAGTCTGAGCC-1	C1	24.99	SNG-3	C1
CCCTAACGTATCTAGC-1	C1	39.17	SNG-3	C1
CCCTAGTCAACGTCCG-1	unassigned	44.88	SNG-3	C1
CCCTAGTCAAGGATGC-1	C1	54.25	SNG-3	C1
CCCTAGTTCCATACCC-1	C1	55.73	SNG-3	C1
CCCTCTCGTCAAGACG-1	C1	32.56	SNG-3	C1
CCCTGATTCGCAAACT-1	C1	53.92	SNG-3	C1
CCGAAGCTCGCTACCT-1	C1	38.17	SNG-3	C1
CCGCATTAGAAATCTG-1	C1	23.68	SNG-3	C1
CCGCATTGTATTCTTC-1	C1	24.82	SNG-3	C1
CCGTGAGAGAACCATA-1	C1	37.55	SNG-3	C1
CCGTGAGCACTGCTCT-1	C1	61.58	SNG-3	C1
CCGTGAGCACTTGCGG-1	C1	37.32	SNG-3	C1
CCTAAAGTCTGTTTAC-1	C1	22.12	SNG-3	C1
CCTATTATCCTAAAGC-1	C1	47.03	SNG-3	C1
CCTCCCTGTATTCACG-1	C1	38.41	SNG-3	C1
CCTCCCTTCGCACAAT-1	C1	30.76	SNG-3	C1
CCTTAATTCTTACGGA-1	C1	30.7	SNG-3	C1
CCTTGCACATCACAGT-1	C1	37.71	SNG-3	C1
CCTTGGTGTAACCCAT-1	C1	47.05	SNG-3	C1
CGAGTTAAGCCTTTGA-1	C1	38.44	SNG-3	C1
CGAGTTAGTAGATGAT-1	C1	29.91	SNG-3	C1
CGATGATAGCTCCATA-1	C1	32.24	SNG-3	C1
CGCAATACAGCAACGA-1	C1	35.32	SNG-3	C1
CGCTAGGCATTAACGC-1	C1	32.1	SNG-3	C1
CGCTATCGTGCTGTCG-1	C1	25.33	SNG-3	C1
CGCTGGAGTAGTACAA-1	C1	24.47	SNG-3	C1
CGGTGCAGTGTCGTCG-1	C1	43.77	SNG-3	C1
CGTAAACAGAGCTCCC-1	C1	29.6	SNG-3	C1
CGTAAACAGATATGAC-1	C1	39.2	SNG-3	C1
CGTAAACAGTAGGAAG-1	C1	78.84	SNG-3	C1
CGTAAACGTCAACTAC-1	C1	34.1	SNG-3	C1
CGTACAATCTGCTACC-1	C1	43.59	SNG-3	C1
CTAACTTCATAGCCAT-1	C1	27.09	SNG-3	C1
CTACAGACACCGAATT-1	C1	35.11	SNG-3	C1
CTACAGACATCGTGAT-1	C1	36.13	SNG-3	C1
CTACAGAGTCTGGATT-1	C1	33.25	SNG-3	C1
CTACTTATCCCAATGA-1	C1	49.82	SNG-3	C1
CTAGGATTCGGCATAT-1	C1	40.7	SNG-3	C1
CTCAACCCAATTGTGC-1	C1	22.48	SNG-3	C1
CTCACCAGTTTCAGCA-1	C1	33.89	SNG-3	C1
CTCAGAACAGACTAAA-1	C1	31.15	SNG-3	C1
CTCATGCAGATCGAGC-1	C1	22.59	SNG-3	C1
CTCTAGCGTCTGGTTA-1	C1	47.77	SNG-3	C1
CTCTAGCGTTACGGAG-1	C1	42.22	SNG-3	C1
CTCTAGCTCTTAAGCG-1	C1	53.92	SNG-3	C1
CTGAATGCACGATTAC-1	C1	21.6	SNG-3	C1
CTGAATGGTGTTGTTG-1	C1	42.24	SNG-3	C1
CTGCTCATCAGGCCGT-1	C1	27.33	SNG-3	C1
CTGGCAGTCTGATCTT-1	C1	35.45	SNG-3	C1
CTGGGACGTTTCTACT-1	C1	21.4	SNG-3	C1
CTGTTCGTCCTCCTGA-1	C1	36.32	SNG-3	C1
CTTAATCCATGGGTGA-1	C1	30.62	SNG-3	C1
CTTGAAGCAATGGCAG-1	C1	23.38	SNG-3	C1
CTTGAAGTCTCTGCAC-1	C1	43.78	SNG-3	C1
CTTGCTGCAGTGCGAA-1	C1	31.09	SNG-3	C1
CTTGCTGTCACGATTG-1	C1	48.46	SNG-3	C1
CTTTGCGGTACGGATG-1	C1	48.35	SNG-3	C1
GAAAGTACAAGATTAG-1	C1	47.93	SNG-3	C1
GAACGTTAGGCAAGCT-1	C1	42.43	SNG-3	C1
GAAGTCTCAACTCAAC-1	C1	22.95	SNG-3	C1
GAAGTCTTCAGGAATA-1	C1	38.39	SNG-3	C1
GAAGTGGGTACCGGCT-1	C1	20.71	SNG-3	C1
GACCGACGTTACGAAA-1	C1	33.66	SNG-3	C1
GACTAACGTAGACGCA-1	C1	22.45	SNG-3	C1
GAGATTCGTAAGGTCG-1	C1	45.6	SNG-3	C1
GAGATTCTCCGATGCG-1	C1	22.32	SNG-3	C1
GAGATTCTCGATCGCG-1	C1	40.6	SNG-3	C1
GAGCATTCAGGTAGCA-1	C1	33.3	SNG-3	C1
GAGCATTTCCACACCT-1	C1	51.76	SNG-3	C1
GAGCGCTTCCAAACCA-1	C1	34.48	SNG-3	C1
GAGGATGAGTGATATG-1	C1	58.58	SNG-3	C1
GAGGATGTCCAACAAC-1	C1	22.53	SNG-3	C1
GAGGTCCAGGTGTTGG-1	C1	63.76	SNG-3	C1
GAGGTCCGTAACATAG-1	C1	75.21	SNG-3	C1
GAGTGAGCAGGACCTC-1	unassigned	22.19	SNG-3	C1
GATCATGGTAGAACGC-1	C1	55.54	SNG-3	C1
GATCGTAGTCATAGCT-1	C1	27.92	SNG-3	C1
GATGGCCCATGCGACC-1	C1	29.68	SNG-3	C1
GATTGACCATTTAGGC-1	C1	22.08	SNG-3	C1
GCAAAGGAGTGAGCAC-1	C1	57.51	SNG-3	C1
GCAAAGGCACAGTAGG-1	C1	38.12	SNG-3	C1
GCAACCGGTGTTGTTG-1	C1	38.95	SNG-3	C1
GCACCTTCATGTAGAA-1	C1	32.23	SNG-3	C1
GCACCTTGTTACTTTC-1	C1	44.96	SNG-3	C1
GCACGGTAGCGCAATG-1	C1	42.97	SNG-3	C1
GCAGATTTCAGGGTTT-1	C1	29.65	SNG-3	C1
GCAGATTTCGCGGCAT-1	C1	41.22	SNG-3	C1
GCAGCCAGTATCACAC-1	unassigned	24.68	SNG-3	C1
GCAGCTGGTGCTGAAG-1	C1	35.4	SNG-3	C1
GCAGCTGTCCGTACGG-1	C1	26.2	SNG-3	C1
GCATGATGTGGAAAGA-1	C1	24.12	SNG-3	C1
GCATGATTCGTATAGC-1	C1	22.57	SNG-3	C1
GCATTCCAGAACGACC-1	C1	34.27	SNG-3	C1
GCATTCCAGCAGAAAG-1	C1	29.68	SNG-3	C1
GCATTCCTCTGGCCAG-1	C1	31.78	SNG-3	C1
GCATTGAAGGCTGGAT-1	C1	55.62	SNG-3	C1
GCATTGAAGTCCCTCT-1	C1	47.18	SNG-3	C1
GCCCAGAAGAACGCCA-1	C1	41.46	SNG-3	C1
GCCCGAACAAGGGAGG-1	C1	21.12	SNG-3	C1
GCCCGAAGTAGGGTTG-1	C1	30.48	SNG-3	C1
GCCTAGGAGGCAAGGG-1	C1	30.09	SNG-3	C1
GCGAGAAGTCGTAATC-1	C1	39.73	SNG-3	C1
GCGAGAAGTGGAAGCT-1	C1	33.21	SNG-3	C1
GCGAGTCAGTCGTGAG-1	C1	88.41	SNG-3	C1
GCGAGTCGTGTTTCTT-1	C1	25.23	SNG-3	C1
GCGATCGCAACAAACA-1	C1	25.89	SNG-3	C1
GCGATCGGTGGCATAG-1	C1	34.65	SNG-3	C1
GCGCCAAGTGGACAGT-1	C1	41.16	SNG-3	C1
GCGCCAATCTTAGTGG-1	C1	30.86	SNG-3	C1
GCGGTGTCAACGGACA-1	C1	58.01	SNG-3	C1
GCGTAGCCAGATTAAG-1	C1	53.74	SNG-3	C1
GCGTTGGAGGTTAACA-1	C1	22.71	SNG-3	C1
GCGTTGGCAAGCGAAC-1	C1	43.68	SNG-3	C1
GCGTTGGTCATCGCAA-1	C1	38.13	SNG-3	C1
GCGTTGGTCCTTACGC-1	C1	21.11	SNG-3	C1
GCGTTGGTCGCCACTT-1	unassigned	30.17	SNG-3	C1
GCTCACTGTCAAATCC-1	C1	41.34	SNG-3	C1
GCTCACTGTGCTTCCT-1	C1	36.78	SNG-3	C1
GCTCAGGAGGCCTCGT-1	C1	27.58	SNG-3	C1
GCTCCTAAGGAAGACA-1	C1	36.15	SNG-3	C1
GCTCCTACAATTCTCT-1	C1	49.78	SNG-3	C1
GCTCGAGGTCAGGTGA-1	C1	25.98	SNG-3	C1
GCTGAGCCACGCGTTG-1	C1	42.36	SNG-3	C1
GCTGAGCGTATCGCGC-1	C1	50.22	SNG-3	C1
GCTGAGCGTCATCGTA-1	C1	32.98	SNG-3	C1
GCTGTTCCAAGATGCG-1	C1	43.05	SNG-3	C1
GCTGTTCCACCTGTGG-1	C1	42.54	SNG-3	C1
GCTTAAGTCGATCGCG-1	C1	51.31	SNG-3	C1
GGAACCCAGGGAAGCG-1	C1	32.56	SNG-3	C1
GGAACCCTCACATTCT-1	C1	39.47	SNG-3	C1
GGAACTTAGTTATGAG-1	C1	60.77	SNG-3	C1
GGAACTTGTGATCAGG-1	C1	50.07	SNG-3	C1
GGAATCTTCTCTCAAT-1	C1	43.24	SNG-3	C1
GGAGGATTCCGGACTG-1	C1	64.63	SNG-3	C1
GGAGTAGGTTTGATCG-1	C1	33.29	SNG-3	C1
GGATAGGCACAGGTAG-1	C1	75.77	SNG-3	C1
GGATAGGTCGAACACT-1	C1	41.44	SNG-3	C1
GGCATTACACAAACAA-1	C1	23.84	SNG-3	C1
GGCATTAGTGAGTTGG-1	C1	46.17	SNG-3	C1
GGCGAAAGTACGGAGT-1	C1	20.75	SNG-3	C1
GGGAACACACCACAGC-1	C1	32.01	SNG-3	C1
GGGCCATCATATAGAG-1	C1	25.69	SNG-3	C1
GGGTTATGTAGACACG-1	C1	56.95	SNG-3	C1
GGTAGGAAGGGAGATA-1	C1	36.22	SNG-3	C1
GGTAGGATCCAGGTCG-1	C1	47.14	SNG-3	C1
GGTCATAAGACCAATA-1	C1	49.94	SNG-3	C1
GGTCATAAGTGATTAG-1	C1	53.29	SNG-3	C1
GGTCATATCACTCGGG-1	C1	24.06	SNG-3	C1
GGTCATATCGTATAGC-1	C1	28.73	SNG-3	C1
GGTGCTGAGAAATGGG-1	C1	28.05	SNG-3	C1
GTAATCGTCCGATTGA-1	C1	44.5	SNG-3	C1
GTACTTTCATCACAGT-1	C1	26.35	SNG-3	C1
GTACTTTGTAGAATAC-1	C1	25.71	SNG-3	C1
GTAGACTTCGGGACAA-1	C1	48.48	SNG-3	C1
GTAGGAGCAAGAGCGT-1	C1	31.46	SNG-3	C1
GTAGTACCAAAGGCCA-1	C1	37.71	SNG-3	C1
GTCACAAAGAAGGGCG-1	C1	32.57	SNG-3	C1
GTCACCTAGCTCCATA-1	C1	42.37	SNG-3	C1
GTCACCTAGGTTGTTC-1	C1	26.66	SNG-3	C1
GTCACCTGTTCCCTTG-1	C1	36.76	SNG-3	C1
GTCACCTGTTGCTTGA-1	C1	43.79	SNG-3	C1
GTCACTCCACGTTGTA-1	C1	35.05	SNG-3	C1
GTCACTCTCCATTGAG-1	C1	53.68	SNG-3	C1
GTCACTCTCGTGGAAG-1	C1	38.62	SNG-3	C1
GTCCATCCAATTGGCT-1	C1	26.75	SNG-3	C1
GTCGTAACAGCGTCGT-1	C1	64.44	SNG-3	C1
GTCGTAATCCTTGACC-1	C1	23.85	SNG-3	C1
GTGCACGTCTCTTCTC-1	C1	30.82	SNG-3	C1
GTGCCAGGTGTCGTGC-1	C1	22.27	SNG-3	C1
GTGGATTGTAAGTGCG-1	C1	60.48	SNG-3	C1
GTGGCGTAGACCGCAA-1	C1	25.22	SNG-3	C1
GTGGCGTGTGTACGCC-1	C1	30.63	SNG-3	C1
GTGTCAAAGTCGAGCA-1	C1	32.63	SNG-3	C1
GTGTCCTAGTAGTTCC-1	C1	23.14	SNG-3	C1
GTTACGATCTGTTGCC-1	C1	26.64	SNG-3	C1
GTTATGGGTTCTGAGT-1	C1	20.36	SNG-3	C1
GTTCAAGTCGTGGTAT-1	C1	26.46	SNG-3	C1
GTTGGTAAGACCCTAT-1	C1	20.62	SNG-3	C1
GTTGGTAAGGGCGAAG-1	C1	50.27	SNG-3	C1
TAAACCGAGACCATAA-1	C1	36.28	SNG-3	C1
TAACGGTCAATTCTCT-1	C1	21.83	SNG-3	C1
TAACTTCAGAGTTCGG-1	C1	27.35	SNG-3	C1
TAACTTCAGATCCGAG-1	C1	31.82	SNG-3	C1
TAAGCCACAACTCAAC-1	C1	42.67	SNG-3	C1
TAATCGGGTAACGGCA-1	C1	60.1	SNG-3	C1
TAATTCCTCACACGTA-1	C1	28.67	SNG-3	C1
TACAGCAAGTTTGGAA-1	C1	58.56	SNG-3	C1
TACAGCAGTCCCTTTG-1	C1	36.79	SNG-3	C1
TACAGCAGTGTTGTTG-1	C1	43.72	SNG-3	C1
TACATTCGTAGTGATA-1	C1	21.49	SNG-3	C1
TACATTCGTGGAAGCT-1	C1	40.7	SNG-3	C1
TACCTATAGGGTTCCC-1	unassigned	40.21	SNG-3	C1
TACGCAAAGGTACTCT-1	unassigned	45.68	SNG-3	C1
TACGCAAGTTGTGAGG-1	unassigned	38.72	SNG-3	C1
TACGCCTTCTGACTTT-1	C1	47.37	SNG-3	C1
TACGGATAGATAGGTT-1	unassigned	48.14	SNG-3	C1
TACGGATCACTGGGCT-1	unassigned	22.99	SNG-3	C1
TACTAGGCAAGTCCTA-1	unassigned	28.17	SNG-3	C1
TACTCGCAGCGTTGCC-1	unassigned	28.61	SNG-3	C1
TACTCGCCAACGCACC-1	unassigned	25.22	SNG-3	C1
TACTGCCCAAATTGAG-1	unassigned	20.41	SNG-3	C1
TACTGCCGTAATGCCT-1	unassigned	48.6	SNG-3	C1
TAGCACAAGTACGACG-1	unassigned	52.34	SNG-3	C1
TAGCACATCTATCTAC-1	unassigned	28.25	SNG-3	C1
TAGCATGTCGTCAACA-1	unassigned	28.35	SNG-3	C1
TAGCTTTTCTCTGCAC-1	unassigned	36.06	SNG-3	C1
TAGGAGGAGTGCAACG-1	unassigned	58.06	SNG-3	C1
TAGGAGGTCATTCTTG-1	unassigned	59.89	SNG-3	C1
TAGGTGTTCTGAGTAC-1	unassigned	20.34	SNG-3	C1
TAGTCCCCAGTAAGAT-1	unassigned	27.89	SNG-3	C1
TAGTCCCGTCAAATCC-1	unassigned	41.59	SNG-3	C1
TAGTCCCTCCTCTCTT-1	unassigned	66.95	SNG-3	C1
TAGTCCCTCGCCCTTA-1	unassigned	30.6	SNG-3	C1
TATCTGTGTATCATGC-1	unassigned	30.11	SNG-3	C1
TATGTGGCAAAGCTGG-1	unassigned	25.66	SNG-3	C1
TATGTTCGTTGCCGCA-1	unassigned	21.06	SNG-3	C1
TATTGCTCACGCGCAT-1	unassigned	24.92	SNG-3	C1
TATTGCTTCTCTATTG-1	unassigned	36.81	SNG-3	C1
TCAAGCACACCTGAAT-1	unassigned	26.39	SNG-3	C1
TCAAGCATCAGTCAAC-1	unassigned	36.1	SNG-3	C1
TCAAGGTAGCTGAGGT-1	unassigned	41.49	SNG-3	C1
TCAATTCGTATTCACG-1	unassigned	43.57	SNG-3	C1
TCACAGACAGAGAGAA-1	unassigned	26.72	SNG-3	C1
TCACCACTCCGGGCAT-1	unassigned	41.27	SNG-3	C1
TCACTCGAGGTTCGAG-1	unassigned	50.02	SNG-3	C1
TCACTCGTCGAGAAGC-1	C1	34.28	SNG-3	C1
TCACTCGTCGAGGTAG-1	unassigned	36.11	SNG-3	C1
TCAGGTAGTCCCGAGT-1	unassigned	21.1	SNG-3	C1
TCAGTTTAGCCTATAC-1	unassigned	21.61	SNG-3	C1
TCCAGAAAGGTTGTGG-1	unassigned	29.86	SNG-3	C1
TCCAGAACAACTGCGC-1	unassigned	62.09	SNG-3	C1
TCCAGAACACTGTAAC-1	unassigned	43.22	SNG-3	C1
TCCCACACACAAGGGT-1	unassigned	55.49	SNG-3	C1
TCCCACACATGGCCCA-1	unassigned	31.25	SNG-3	C1
TCCGACTGTTCTTATC-1	unassigned	27.01	SNG-3	C1
TCCGACTTCGAGAAGC-1	unassigned	28.08	SNG-3	C1
TCGAGCGGTAGGTCTT-1	unassigned	34.72	SNG-3	C1
TCGAGCGGTGCGCATC-1	unassigned	22.76	SNG-3	C1
TCGCAGGTCCGATGCG-1	unassigned	31.09	SNG-3	C1
TCGCCTAGTGTAGGAC-1	unassigned	21.76	SNG-3	C1
TCTAGTTAGTCACGCC-1	unassigned	22.16	SNG-3	C1
TCTAGTTAGTGGTGTG-1	unassigned	71.47	SNG-3	C1
TCTAGTTTCGACTTAG-1	unassigned	20.52	SNG-3	C1
TCTATTGCAAGTTGCT-1	unassigned	36.6	SNG-3	C1
TCTCAGCTCGAGAAGC-1	unassigned	20.59	SNG-3	C1
TGAATCGTCCCACGGA-1	C1	20.95	SNG-3	C1
TGAATCGTCGGTACTA-1	unassigned	30.78	SNG-3	C1
TGACTCCAGACCTATC-1	unassigned	25.48	SNG-3	C1
TGAGTCAAGAGTCCGA-1	unassigned	20.57	SNG-3	C1
TGAGTCAAGCCTTTGA-1	unassigned	20.65	SNG-3	C1
TGAGTCATCGGTCTAA-1	unassigned	25.35	SNG-3	C1
TGATGCATCTGGCGCA-1	unassigned	28.41	SNG-3	C1
TGATTTCGTGGATTTC-1	unassigned	24.93	SNG-3	C1
TGATTTCTCTCGCGTT-1	unassigned	43.11	SNG-3	C1
TGCACCTGTTTGTGAC-1	unassigned	28.73	SNG-3	C1
TGCACCTTCCCACTTG-1	unassigned	32.42	SNG-3	C1
TGCATTTTCAACTTGG-1	unassigned	36.69	SNG-3	C1
TGCCTGTCAGTTACAC-1	unassigned	24.77	SNG-3	C1
TGCCTGTTCGCTTCAC-1	unassigned	32.33	SNG-3	C1
TGCCTGTTCTTTGCAT-1	unassigned	73.37	SNG-3	C1
TGCTCACCAGTTGCAT-1	unassigned	25.22	SNG-3	C1
TGCTCACTCTCTGAGA-1	unassigned	39.17	SNG-3	C1
TGCTCGTCACTGCTCT-1	unassigned	55.35	SNG-3	C1
TGCTTCGAGACTTCCA-1	C1	30.06	SNG-3	C1
TGCTTCGAGGTTCTCA-1	unassigned	64	SNG-3	C1
TGCTTCGCATCCCTCA-1	unassigned	40.96	SNG-3	C1
TGCTTCGTCGCGTTCT-1	unassigned	38.91	SNG-3	C1
TGCTTTAAGGGCTCTC-1	unassigned	21.08	SNG-3	C1
TGGCAATAGTCTAGAA-1	unassigned	35.37	SNG-3	C1
TGGCCTTTCTCTTCTC-1	unassigned	40.74	SNG-3	C1
TGGGTGCTCACTCGGG-1	unassigned	25.61	SNG-3	C1
TGGGTTAAGATGCGCA-1	unassigned	24.06	SNG-3	C1
TGGTCCTAGTTACCAC-1	unassigned	34.65	SNG-3	C1
TGTACAGTCAGTGGTT-1	C1	21.12	SNG-3	C1
TGTACGAAGCCATCAT-1	unassigned	65.56	SNG-3	C1
TGTACGATCTTGGCCT-1	unassigned	59.39	SNG-3	C1
TGTAGCAGTGGTACTT-1	unassigned	28.8	SNG-3	C1
TGTAGCATCGGGAATG-1	unassigned	32.74	SNG-3	C1
TGTGACAAGGGAAGCG-1	unassigned	56.18	SNG-3	C1
TGTGACACAGTCCTGG-1	unassigned	27.62	SNG-3	C1
TGTGACAGTACTTCAG-1	unassigned	34.77	SNG-3	C1
TTACCCGGTCTAACCA-1	unassigned	41.1	SNG-3	C1
TTACCCGGTTCCGGCA-1	unassigned	42.51	SNG-3	C1
TTACCGCCATACCCGG-1	unassigned	27.47	SNG-3	C1
TTACCGCGTAGAAGCC-1	C1	32.45	SNG-3	C1
TTACCGCTCATTCTCA-1	unassigned	43.87	SNG-3	C1
TTACCGCTCCGGGCAT-1	unassigned	49.5	SNG-3	C1
TTACCGCTCGCGTGAC-1	unassigned	67.08	SNG-3	C1
TTACGGAGTCCAAGTT-1	unassigned	26.11	SNG-3	C1
TTACTCAAGAGAACCC-1	unassigned	32.07	SNG-3	C1
TTACTCAGTAGGGTTG-1	unassigned	33.22	SNG-3	C1
TTACTTGAGGCGATTG-1	unassigned	47.63	SNG-3	C1
TTAGCGAAGTGAAGGA-1	unassigned	28.58	SNG-3	C1
TTAGCGAGTCAGGCTC-1	unassigned	20.06	SNG-3	C1
TTAGGTGAGCGCAATG-1	unassigned	27.72	SNG-3	C1
TTATGTCAGGGAGATA-1	unassigned	39.61	SNG-3	C1
TTCAACTTCAATGCAC-1	unassigned	39.18	SNG-3	C1
TTCGATTAGAGTCCGA-1	C1	26.28	SNG-3	C1
TTCGATTAGCTGGAGT-1	unassigned	36.76	SNG-3	C1
TTCGATTGTAGTCCAT-1	unassigned	34.6	SNG-3	C1
TTCGATTGTTATGCAC-1	unassigned	32.93	SNG-3	C1
TTCGCGTAGCTATCCA-1	unassigned	42.37	SNG-3	C1
TTCGCGTGTGCTGAAG-1	C1	23.86	SNG-3	C1
TTCGCGTGTGCTGGCT-1	unassigned	49.02	SNG-3	C1
TTCGCGTTCGCGCTGA-1	unassigned	32.74	SNG-3	C1
TTCGGTCTCACAGGGA-1	unassigned	45.32	SNG-3	C1
TTCGTTAAGCTGAAAT-1	unassigned	44.68	SNG-3	C1
TTCGTTACAACGTAGG-1	unassigned	20.78	SNG-3	C1
TTGAGCAAGATCGCCC-1	unassigned	26.89	SNG-3	C1
TTGCACCCAAGCAGGT-1	unassigned	23.56	SNG-3	C1
TTGCACCCAGGTGGTA-1	C1	37.18	SNG-3	C1
TTGCACCCATCCATAG-1	unassigned	43.6	SNG-3	C1
TTGCACCGTGAATGTA-1	unassigned	25.78	SNG-3	C1
TTGCCCAGTGCGACCT-1	unassigned	22.65	SNG-3	C1
TTGCCCATCTTGTCAT-1	unassigned	38.07	SNG-3	C1
TTGCTATCAGTCCTGG-1	unassigned	35.12	SNG-3	C1
TTGGTCCAGATGCGCA-1	unassigned	42.12	SNG-3	C1
TTGGTCCGTAACACTC-1	unassigned	26.04	SNG-3	C1
TTGGTCCTCTCTGCAC-1	unassigned	46.32	SNG-3	C1
TTGTCTACATTCCCGT-1	unassigned	39.33	SNG-3	C1
TTGTTCAAGAAGGGCG-1	unassigned	28.05	SNG-3	C1
TTGTTCAGTGGTAAGC-1	unassigned	21.27	SNG-3	C1
TTGTTGTTCGAGGCTC-1	unassigned	22.77	SNG-3	C1
TTTGGCCGTATCTGCA-1	unassigned	58.76	SNG-3	C1
TTTGGTTCATCATAGC-1	unassigned	33.77	SNG-3	C1
AAACGAATCGACTGGC-1	C2	39.95	SNG-5	C2
AAACGAATCGCGATGC-1	C2	20.65	SNG-5	C2
AAACTGCCATCAGCTA-1	C2	43.94	SNG-5	C2
AAACTGCCATGCCTTC-1	C2	25.09	SNG-5	C2
AAAGATGCAAGCGACA-1	C2	27.14	SNG-5	C2
AAAGGATTCACTCCCA-1	C2	30.61	SNG-5	C2
AAAGGGCAGGCCTCTG-1	C2	30.54	SNG-5	C2
AAATGAGAGTAGTTCC-1	C2	33.16	SNG-5	C2
AAATGAGTCGCCAGAC-1	C2	34.64	SNG-5	C2
AACATCGAGCATACCT-1	C2	37.72	SNG-5	C2
AACATCGAGTTGCTTG-1	C2	30.07	SNG-5	C2
AACATCGTCAGTCTTT-1	C2	44.29	SNG-5	C2
AACCAACCAGATTTGC-1	C2	32.88	SNG-5	C2
AACCGATAGGTACTCT-1	C2	27.08	SNG-5	C2
AACCGATCACAGATGG-1	C2	28.61	SNG-5	C2
AACCGATCATCGACCG-1	C2	24.39	SNG-5	C2
AACCGATCATCGTACA-1	C2	29.94	SNG-5	C2
AACCGATTCAACTTGG-1	C2	24.66	SNG-5	C2
AACCTTTAGACGACTG-1	C2	26.05	SNG-5	C2
AACCTTTTCCGGGCAT-1	C2	31.29	SNG-5	C2
AACGAGGCACAAGGGT-1	C2	35.28	SNG-5	C2
AACGGGAAGTGAAACT-1	C2	29.2	SNG-5	C2
AACGGGAGTTAGCTCA-1	C2	22.02	SNG-5	C2
AACGTACCAGACCTGC-1	C2	33.76	SNG-5	C2
AACGTACCATTACTCT-1	C2	24.37	SNG-5	C2
AACTTGGCACCGAAAG-1	C2	20.06	SNG-5	C2
AACTTGGCACTGTCGG-1	C2	22.25	SNG-5	C2
AAGATAGCAACGGACA-1	unassigned	26.28	SNG-5	C2
AAGGAGCAGTGTCGCC-1	C2	20.36	SNG-5	C2
AAGGAGCGTCAACTGT-1	C2	38.17	SNG-5	C2
AAGGTTCAGGTTTCTG-1	C2	24.27	SNG-5	C2
AAGGTTCGTATCCTTT-1	C2	42.86	SNG-5	C2
AATACGCAGACTAGGC-1	C2	29.84	SNG-5	C2
AATACGCGTCTCTGGG-1	C2	23.84	SNG-5	C2
AATACGCTCATGCTTT-1	C2	36.46	SNG-5	C2
AATGCCAAGGTCGTTT-1	C2	33.99	SNG-5	C2
AATGCCAGTCACTCTC-1	C2	21.57	SNG-5	C2
AATGGAAGTTAACCAC-1	C2	23.85	SNG-5	C2
AATGGCTAGGTTAGTA-1	C2	44.29	SNG-5	C2
AATGTCGCATAGACGG-1	C2	22.23	SNG-5	C2
ACAAACCGTGCTGTGC-1	C2	28.91	SNG-5	C2
ACAAAGAAGCGCATTT-1	C2	20.59	SNG-5	C2
ACAAAGAGTCTCTAAG-1	C2	35.08	SNG-5	C2
ACAAGCTTCACAAGCT-1	C2	21.77	SNG-5	C2
ACAATCGGTGATAACA-1	C2	39.4	SNG-5	C2
ACAATCGTCCACGCTT-1	C2	36.53	SNG-5	C2
ACAATCGTCGATATGC-1	C2	24.45	SNG-5	C2
ACAGAAACACCCTTAC-1	C2	51.56	SNG-5	C2
ACAGAAAGTTCCCTTG-1	C2	33.47	SNG-5	C2
ACAGAAATCGGATCGC-1	C2	28.36	SNG-5	C2
ACAGACTAGACAGCTG-1	C2	33.68	SNG-5	C2
ACAGACTAGCTATCCA-1	C2	27.23	SNG-5	C2
ACAGACTAGTTACACC-1	C2	29.27	SNG-5	C2
ACAGCGCCACTCCTCA-1	C2	38.5	SNG-5	C2
ACAGCGCGTTCTTATC-1	C2	26.14	SNG-5	C2
ACAGCGCTCTAAACGC-1	C2	31.83	SNG-5	C2
ACAGGCCTCCAGTTAG-1	C2	26.15	SNG-5	C2
ACAGGCCTCCATCGAA-1	C2	28.7	SNG-5	C2
ACATGCAAGAGATTAC-1	C2	36.08	SNG-5	C2
ACATGCACAAGTAACA-1	C2	21.71	SNG-5	C2
ACATGCATCGCATACA-1	C2	26.23	SNG-5	C2
ACATGGTAGTCGAAAT-1	C2	30.12	SNG-5	C2
ACATGGTTCCTATCCG-1	C2	33.73	SNG-5	C2
ACATGGTTCGTTCCGT-1	C2	53.92	SNG-5	C2
ACCAAACAGATAGGTT-1	C2	35.63	SNG-5	C2
ACCATCCAGATGAGGA-1	C2	31.66	SNG-5	C2
ACCATCCAGGTAGGCT-1	C2	27.87	SNG-5	C2
ACCCAAAGTAGGGTCA-1	C2	30.31	SNG-5	C2
ACCCAAATCAGGGTTT-1	C2	25.18	SNG-5	C2
ACCGAATCAGAGCCAA-1	C2	27.56	SNG-5	C2
ACCGCAGAGTTCAAGA-1	C2	29.88	SNG-5	C2
ACCGCAGTCGCAAACT-1	C2	35.82	SNG-5	C2
ACCGGGTGTTCAGTAC-1	C2	22.2	SNG-5	C2
ACGGATTCAAACGACG-1	C2	28.58	SNG-5	C2
ACGGATTCACTCCTCA-1	C2	21.68	SNG-5	C2
ACGGATTGTTGGACGA-1	C2	43.59	SNG-5	C2
ACGGATTTCCATTGAG-1	C2	29.4	SNG-5	C2
ACGGATTTCTTGGCCT-1	C2	29.18	SNG-5	C2
ACTACCCAGGTAAGTT-1	C2	26.04	SNG-5	C2
ACTACCCTCGAGAACG-1	C2	37.16	SNG-5	C2
ACTAGGTCAACGGACA-1	C2	33.16	SNG-5	C2
ACTAGGTTCCCACTTG-1	C2	76.17	SNG-5	C2
ACTCGGGAGTAGGAAG-1	C2	54.83	SNG-5	C2
ACTCGGGCAAACCTAC-1	C2	31.35	SNG-5	C2
ACTCGGGTCAGCCGGT-1	C2	22.23	SNG-5	C2
ACTCGGGTCGGGTCCA-1	unassigned	31.12	SNG-5	C2
ACTCGGGTCGTGGAAG-1	C2	20.23	SNG-5	C2
ACTGCAAAGTCGGGAT-1	C2	32.22	SNG-5	C2
ACTGCAACAAGTTGCT-1	C2	23.56	SNG-5	C2
ACTGCAACATTAGCAC-1	C2	22.94	SNG-5	C2
ACTGCAATCTATATCC-1	C2	20.78	SNG-5	C2
ACTTCCGAGCAGGAGG-1	C2	47.92	SNG-5	C2
ACTTCCGAGTGCACAG-1	C2	35.98	SNG-5	C2
ACTTCCGTCTCCAACC-1	C2	27.88	SNG-5	C2
ACTTTCAAGACGAAAG-1	C2	28.91	SNG-5	C2
AGATAGATCACTCCCA-1	C2	37.61	SNG-5	C2
AGCCAGCGTGAATACA-1	C2	21.81	SNG-5	C2
AGCCCGAAGCTGGAGT-1	C2	40.77	SNG-5	C2
AGCCCGAGTGAATCGG-1	C2	20.73	SNG-5	C2
AGCCGCATCGGATAGG-1	unassigned	47	SNG-5	C2
AGCCTCTAGTACTCTG-1	C2	32.99	SNG-5	C2
AGCCTCTCACGCGTTG-1	C2	26.5	SNG-5	C2
AGCCTGGAGTCCGGAA-1	C2	56.7	SNG-5	C2
AGCCTTCAGTATAGTG-1	C2	27.67	SNG-5	C2
AGCCTTCGTATGGTTC-1	C2	29.1	SNG-5	C2
AGCCTTCGTCTAAGAA-1	C2	35.41	SNG-5	C2
AGCGATTAGAAATACC-1	unassigned	26.41	SNG-5	C2
AGCGATTGTTAGGCTT-1	C2	21.17	SNG-5	C2
AGCGATTTCTGGCGCA-1	C2	22.61	SNG-5	C2
AGCGTATAGTGCTGAG-1	C2	21.28	SNG-5	C2
AGCGTGCAGGAGAACA-1	C2	27.22	SNG-5	C2
AGCTATGAGAGCGAAA-1	C2	21.8	SNG-5	C2
AGCTATGCAGCAACCC-1	C2	37.91	SNG-5	C2
AGCTATGTCTGAGTAC-1	C2	35.49	SNG-5	C2
AGCTGATAGTTAGAGT-1	C2	32.43	SNG-5	C2
AGCTGTAGTGGAAAGA-1	C2	23.27	SNG-5	C2
AGCTGTATCGGCAATT-1	C2	42.65	SNG-5	C2
AGCTGTATCGGGAATG-1	C2	31.59	SNG-5	C2
AGGACGAAGAGGCAGG-1	C2	41.58	SNG-5	C2
AGGCCCAAGTTTACGC-1	C2	20.65	SNG-5	C2
AGGCCCACACCACAGC-1	unassigned	52.96	SNG-5	C2
AGGCCTGGTAGTAACA-1	C2	26.24	SNG-5	C2
AGGCCTGTCACTACCC-1	C2	21.55	SNG-5	C2
AGGCGAAGTTCAGAAA-1	C2	26.78	SNG-5	C2
AGGCGTCAGAGGAATG-1	C2	30.34	SNG-5	C2
AGGCGTCCAAACCCTA-1	C2	24.1	SNG-5	C2
AGGCGTCCAAGGCGTA-1	C2	23.43	SNG-5	C2
AGTCAACTCGTTCCGT-1	C2	22.73	SNG-5	C2
AGTCCGGTCCTCATTA-1	C2	31.35	SNG-5	C2
AGTCCGGTCGGTCTCT-1	unassigned	21.07	SNG-5	C2
AGTGTACGTCTAAGAA-1	C2	20.58	SNG-5	C2
AGTGTACTCGCTAGTA-1	C2	25.2	SNG-5	C2
AGTGTACTCTCTGTTA-1	C2	28.54	SNG-5	C2
AGTTACGAGAGTAAGG-1	C2	37.73	SNG-5	C2
AGTTACGAGGCTTAAA-1	C2	21.01	SNG-5	C2
AGTTTGGTCTCTGCAC-1	C2	26.61	SNG-5	C2
ATAGGCTAGACAACGC-1	C2	24.34	SNG-5	C2
ATAGGCTAGCTACGTT-1	C2	23.44	SNG-5	C2
ATATTCCTCATTGCCC-1	C2	23.96	SNG-5	C2
ATCCAGAAGGAAGACA-1	C2	20.51	SNG-5	C2
ATCCAGAGTGAATCAA-1	C2	31.32	SNG-5	C2
ATCCCTGGTTCCATCC-1	C2	25.63	SNG-5	C2
ATCCTCGCAGTGCGAA-1	C2	22.52	SNG-5	C2
ATCCTGCTCCAAGTCA-1	C2	24.5	SNG-5	C2
ATCGAGTAGATACCAA-1	C2	30.19	SNG-5	C2
ATCGAGTTCTCAGATG-1	C2	34.95	SNG-5	C2
ATGTACGCAACAAACA-1	C2	48.99	SNG-5	C2
ATGTCGACAATCATCG-1	C2	21.55	SNG-5	C2
ATGTCGACATTCTTTG-1	unassigned	31.9	SNG-5	C2
ATGTCTTCATCTCTCG-1	C2	34.13	SNG-5	C2
ATGTTTCAGCAACTGG-1	C2	30.86	SNG-5	C2
ATGTTTCAGGCGATTG-1	C2	28.05	SNG-5	C2
ATGTTTCGTGGTAGAC-1	C2	28.94	SNG-5	C2
ATTACCTGTGATTCCA-1	C2	21.79	SNG-5	C2
ATTACTCAGATGTTCC-1	C2	27.32	SNG-5	C2
ATTACTCAGGAACCGT-1	C2	35.02	SNG-5	C2
ATTGTCTTCGTTACAG-1	C2	27.82	SNG-5	C2
ATTGTGGCAGTTAAAG-1	C2	20.69	SNG-5	C2
ATTTGTCCAGTATACC-1	C2	25.98	SNG-5	C2
ATTTGTCGTACGTAGG-1	C2	25.42	SNG-5	C2
ATTTGTCGTCTAAGAA-1	C2	27.82	SNG-5	C2
CAAAGCTAGTCGCCTG-1	C2	29.2	SNG-5	C2
CAAAGCTTCTATATCC-1	C2	23.66	SNG-5	C2
CAAAGCTTCTCGGCGA-1	C2	43.9	SNG-5	C2
CAACCAAAGAACTAAC-1	C2	38.23	SNG-5	C2
CAACCAAAGAGTTCGG-1	unassigned	47.18	SNG-5	C2
CAACCAAAGTTAGCAA-1	C2	23.93	SNG-5	C2
CAACCAACACGTACAT-1	C2	45.16	SNG-5	C2
CAACCAATCCATCGAA-1	C2	25.48	SNG-5	C2
CAACGGCAGAGAGTTT-1	C2	30.07	SNG-5	C2
CAAGAAACACGCTCAG-1	C2	32.76	SNG-5	C2
CAAGGCCTCCCAGTAA-1	C2	22.92	SNG-5	C2
CAATCCCCAAGCAACG-1	C2	37.83	SNG-5	C2
CAATCCCCACGTTGTA-1	C2	46.99	SNG-5	C2
CAATCCCTCGTGAACT-1	C2	21.73	SNG-5	C2
CACAACAAGCTACGCC-1	C2	25.73	SNG-5	C2
CACAGATCAGATAAGT-1	C2	38.31	SNG-5	C2
CACATGAAGCATTGGG-1	C2	25.68	SNG-5	C2
CACATGACAAACCTAC-1	C2	31.98	SNG-5	C2
CACATGATCCATAACG-1	C2	36.31	SNG-5	C2
CACCACTAGGAAGAAC-1	C2	22.73	SNG-5	C2
CACCACTTCTGGTACA-1	C2	24.59	SNG-5	C2
CACCTGTTCGATCGCG-1	C2	26.96	SNG-5	C2
CACCTGTTCTTATCAC-1	C2	28.5	SNG-5	C2
CACCTTGGTAGACACG-1	C2	22.49	SNG-5	C2
CACCTTGTCTCTTCCT-1	C2	35.37	SNG-5	C2
CACGTTCTCTGGGCGT-1	C2	27.65	SNG-5	C2
CACTAAGGTAGGTCTT-1	C2	23.76	SNG-5	C2
CACTAAGGTAGTCTGT-1	C2	21.97	SNG-5	C2
CACTAAGGTGACGCAA-1	C2	58.86	SNG-5	C2
CACTAAGTCGATGTGT-1	C2	24.5	SNG-5	C2
CACTGAATCTTAACGG-1	C2	35.97	SNG-5	C2
CAGCTGGCAGAGTCGA-1	C2	27.35	SNG-5	C2
CAGCTGGCATTAGCCA-1	C2	41.6	SNG-5	C2
CAGGATTTCCAGGTAT-1	C2	23.64	SNG-5	C2
CAGGGCTGTCACAGTT-1	C2	33.34	SNG-5	C2
CAGTATGTCCTATCCG-1	C2	37.34	SNG-5	C2
CAGTGCGAGATGGGAA-1	C2	24.14	SNG-5	C2
CAGTGTAAGCGCATTT-1	C2	41.12	SNG-5	C2
CAGTGTAAGTCCCGCA-1	C2	27.12	SNG-5	C2
CAGTGTAGTCCATTGA-1	C2	27.96	SNG-5	C2
CATAACGCAGTGCGAA-1	C2	25.3	SNG-5	C2
CATGTTTAGTAGTTCC-1	C2	25.78	SNG-5	C2
CATGTTTCACGGTTAT-1	C2	33.4	SNG-5	C2
CATGTTTCAGTAGGCA-1	C2	44.31	SNG-5	C2
CATTCATAGAGTTCGG-1	C2	24.9	SNG-5	C2
CATTCATTCCTGTAGA-1	C2	37.37	SNG-5	C2
CATTCATTCTCGTAGA-1	C2	20.08	SNG-5	C2
CATTCCGAGTGGTGTG-1	C2	24.18	SNG-5	C2
CATTCCGTCCTGACCT-1	C2	36.91	SNG-5	C2
CATTGGATCAGGGTTT-1	C2	22.45	SNG-5	C2
CCAATGACAAACGTTC-1	C2	24.1	SNG-5	C2
CCAATGAGTACTTCAG-1	C2	26.17	SNG-5	C2
CCAATGATCCTATCCG-1	C2	32.08	SNG-5	C2
CCAATGATCTCTTAAC-1	C2	22.27	SNG-5	C2
CCACAGGAGAAGGGCG-1	C2	28.71	SNG-5	C2
CCACGTTTCACAACAC-1	C2	31.42	SNG-5	C2
CCACGTTTCGTCCCTA-1	C2	26.61	SNG-5	C2
CCAGAATAGTACTCTG-1	C2	23.42	SNG-5	C2
CCAGAATAGTCGTACT-1	C2	29.26	SNG-5	C2
CCATACCCACTCGCAG-1	C2	27.09	SNG-5	C2
CCATACCCATCAGCTA-1	C2	34.34	SNG-5	C2
CCATACCTCTCTTCCT-1	C2	42.13	SNG-5	C2
CCCACATCAGTAACTC-1	C2	24.67	SNG-5	C2
CCCACATTCCTCCATG-1	C2	35.09	SNG-5	C2
CCCAGAGAGCAATGTA-1	C2	39.71	SNG-5	C2
CCCGTTACAAGTAACA-1	C2	21.32	SNG-5	C2
CCCGTTAGTCGCTAGC-1	C2	31.85	SNG-5	C2
CCCTAGTAGCCTCGCA-1	C2	22.39	SNG-5	C2
CCCTAGTAGCGAATAT-1	C2	36.02	SNG-5	C2
CCGAAGCTCAATGCAC-1	C2	25.66	SNG-5	C2
CCGAAGCTCTCGTAGA-1	C2	24.26	SNG-5	C2
CCGAAGCTCTTTATCG-1	C2	36.24	SNG-5	C2
CCGCATTAGAAATGGG-1	C2	37.86	SNG-5	C2
CCGCATTAGTTACCAC-1	C2	62.22	SNG-5	C2
CCTAAAGCACACTAGT-1	C2	27.82	SNG-5	C2
CCTAAAGGTATCAGCT-1	C2	42.24	SNG-5	C2
CCTATTAGTTTAAGGA-1	C2	25.58	SNG-5	C2
CCTCCCTCAAGCGACA-1	C2	23.62	SNG-5	C2
CCTCCCTCACGCTAAT-1	C2	28.49	SNG-5	C2
CCTCCCTGTGCTGAAG-1	C2	28.44	SNG-5	C2
CCTCCCTTCGATCTTT-1	C2	21.34	SNG-5	C2
CCTGCTAAGTCTGTGT-1	C2	22.08	SNG-5	C2
CCTGCTATCCTTTGCG-1	C2	32.81	SNG-5	C2
CCTTAATCACAGGAAC-1	C2	22.45	SNG-5	C2
CCTTAATGTGCGCTCA-1	C2	44.13	SNG-5	C2
CCTTGCAGTTTCGATG-1	C2	31.62	SNG-5	C2
CCTTGCATCACCGCGA-1	C2	21.96	SNG-5	C2
CGAGTTAGTAACTGAA-1	C2	33.74	SNG-5	C2
CGAGTTAGTGCTAGTT-1	C2	25.83	SNG-5	C2
CGATGATAGTGATTAG-1	C2	25.55	SNG-5	C2
CGCAATAAGACCCTAT-1	C2	33.25	SNG-5	C2
CGCAATAAGTAGCAAT-1	C2	34.99	SNG-5	C2
CGCAATAGTAGCAGGT-1	C2	33.11	SNG-5	C2
CGCACAGCAGCGTGAA-1	C2	24.07	SNG-5	C2
CGCACAGTCTTCATAC-1	C2	32.23	SNG-5	C2
CGCAGGTTCGATAGGG-1	C2	24.67	SNG-5	C2
CGCGCAACACAGTTAC-1	C2	40.85	SNG-5	C2
CGCGCAATCGTGAGTT-1	C2	26.7	SNG-5	C2
CGCGCAATCTAGTCGA-1	C2	25.91	SNG-5	C2
CGCTATCTCCAGTACA-1	C2	30.82	SNG-5	C2
CGCTGGACAAGCGGTA-1	C2	20.83	SNG-5	C2
CGCTGGATCCACCTAC-1	C2	26.17	SNG-5	C2
CGGACCAAGCAGAGCT-1	C2	29.89	SNG-5	C2
CGGACCAAGGGCGAAG-1	C2	41.44	SNG-5	C2
CGGACCACACCAAGGA-1	C2	20.71	SNG-5	C2
CGGACCATCCCATAGA-1	unassigned	59.34	SNG-5	C2
CGGACCATCTTTCGAT-1	C2	32.12	SNG-5	C2
CGGACTGGTATCCCTC-1	C2	22.56	SNG-5	C2
CGGACTGTCGCATAAC-1	C2	44.05	SNG-5	C2
CGGTGCATCTTGCGCT-1	C2	34.22	SNG-5	C2
CGTAAACAGAAGCCGT-1	C2	33.62	SNG-5	C2
CGTAAACTCAGGCGCT-1	C2	22.75	SNG-5	C2
CGTACAAAGTTTACGC-1	C2	27.65	SNG-5	C2
CGTACAATCCCGCAAG-1	C2	37.37	SNG-5	C2
CGTGGCACAAGCAGGT-1	C2	28.09	SNG-5	C2
CTAACTTCACGTACAT-1	C2	34.11	SNG-5	C2
CTAACTTTCACAACAC-1	C2	23.52	SNG-5	C2
CTAACTTTCCAACGCG-1	C2	23.23	SNG-5	C2
CTAACTTTCGGGAAAC-1	C2	20.19	SNG-5	C2
CTACAGATCCAGTTAG-1	C2	22.57	SNG-5	C2
CTAGCGGCACCGTTGG-1	C2	40.77	SNG-5	C2
CTAGCGGCATAGAATG-1	C2	39.99	SNG-5	C2
CTAGCGGGTCGATAGG-1	C2	27.74	SNG-5	C2
CTAGCGGGTCTGGTTA-1	C2	27.58	SNG-5	C2
CTAGGATTCAGAACGG-1	C2	51.43	SNG-5	C2
CTAGGATTCTCTGCGT-1	C2	37.93	SNG-5	C2
CTAGGGCAGCTTCAAC-1	C2	27.82	SNG-5	C2
CTAGGGCCAATGTAAG-1	C2	24.02	SNG-5	C2
CTAGGGCGTTAGTAGA-1	C2	37.15	SNG-5	C2
CTCACCAGTACATGGG-1	C2	30.74	SNG-5	C2
CTCAGAAGTCCGAGCT-1	C2	23.01	SNG-5	C2
CTCAGAATCTTGTCGC-1	C2	21.6	SNG-5	C2
CTCATGCAGTTAGCAA-1	C2	23.66	SNG-5	C2
CTCATGCCAGTAACGG-1	C2	34.29	SNG-5	C2
CTCATGCTCCGTTAGA-1	C2	39.23	SNG-5	C2
CTCATGCTCTGGGCGT-1	C2	25.71	SNG-5	C2
CTCCCAAAGAGCCTGA-1	C2	22.96	SNG-5	C2
CTCGCTAAGGTTTCTG-1	C2	39.56	SNG-5	C2
CTCTACGTCCCTATTA-1	C2	33.94	SNG-5	C2
CTCTAGCTCGATATGC-1	C2	24.79	SNG-5	C2
CTCTCAGAGCAACGGT-1	C2	31.29	SNG-5	C2
CTCTCAGAGTACCACT-1	C2	48.57	SNG-5	C2
CTCTCAGAGTGTCGCC-1	C2	20.38	SNG-5	C2
CTCTCAGCAACTTGGT-1	C2	39.31	SNG-5	C2
CTCTCAGGTAGAATAC-1	C2	40.79	SNG-5	C2
CTCTCGAGTTCTTTGT-1	C2	25.21	SNG-5	C2
CTCTCGATCACTGGTA-1	C2	36.39	SNG-5	C2
CTGAATGGTCTCTGGG-1	C2	30.03	SNG-5	C2
CTGCGTTTCCGTGCAG-1	C2	52.1	SNG-5	C2
CTGCTCAAGTTCCCGG-1	C2	36.44	SNG-5	C2
CTGCTCACACTGTTAG-1	C2	33.78	SNG-5	C2
CTGCTCAGTGCGCATC-1	unassigned	30.76	SNG-5	C2
CTGCTCATCAAATGGA-1	C2	23.49	SNG-5	C2
CTGGCAGCAGGATAGC-1	C2	21.39	SNG-5	C2
CTGGCAGTCCAAGTCA-1	C2	20.63	SNG-5	C2
CTGGCAGTCCATCATT-1	C2	26.92	SNG-5	C2
CTGGGACAGATGCGAC-1	C2	25.11	SNG-5	C2
CTGTATTTCGAGTGTT-1	C2	20.71	SNG-5	C2
CTGTATTTCTGCGTCT-1	C2	32.2	SNG-5	C2
CTGTTCGAGTTCGACT-1	C2	20.68	SNG-5	C2
CTGTTCGTCAGTGGTT-1	C2	45.26	SNG-5	C2
CTTAATCAGGAAGGTA-1	unassigned	43.58	SNG-5	C2
CTTAATCCAAAGGTCG-1	unassigned	47.22	SNG-5	C2
CTTAATCTCCCACTTG-1	C2	29.07	SNG-5	C2
CTTCTAAGTATGGATA-1	C2	23.29	SNG-5	C2
CTTCTAATCTAGCAGT-1	C2	69.42	SNG-5	C2
CTTGAAGAGCATTCCA-1	C2	40.8	SNG-5	C2
CTTGAAGTCCATACCC-1	C2	25.74	SNG-5	C2
CTTGCCATCGGAGTTT-1	C2	31.25	SNG-5	C2
CTTGTCGAGTTATGAG-1	C2	24.32	SNG-5	C2
CTTTGCGCAAGCGACA-1	C2	40.54	SNG-5	C2
CTTTGCGCACCGTCTT-1	C2	24.91	SNG-5	C2
CTTTGCGGTTCGGGAA-1	C2	26.67	SNG-5	C2
GAAAGTAAGTCGCCTG-1	C2	28.25	SNG-5	C2
GAAAGTACATTAAGGA-1	C2	25.59	SNG-5	C2
GAAATGAAGCTATCCA-1	C2	30.42	SNG-5	C2
GAAATGATCTGTGTCC-1	C2	34.46	SNG-5	C2
GAAGAGCCACCGTCTT-1	C2	37.17	SNG-5	C2
GAAGTCTGTAGTGATA-1	unassigned	28.23	SNG-5	C2
GAAGTCTGTATGTTCG-1	C2	53.86	SNG-5	C2
GAAGTCTTCCACTAGA-1	C2	23.75	SNG-5	C2
GAATCTGAGATACCAA-1	unassigned	48.49	SNG-5	C2
GAATCTGGTAACGTAA-1	C2	34.32	SNG-5	C2
GACCCAGAGTGAAACT-1	C2	24.44	SNG-5	C2
GACCGACTCTATATCC-1	unassigned	33.43	SNG-5	C2
GACCTTCCAACGTAGG-1	C2	23.38	SNG-5	C2
GACTAACCAAGTGGCA-1	C2	22.26	SNG-5	C2
GACTAGTCAAATAGTG-1	C2	27.68	SNG-5	C2
GAGAACGAGTCGACCC-1	C2	37.22	SNG-5	C2
GAGAACGCAACGACAG-1	C2	62.78	SNG-5	C2
GAGAACGCATTGAACC-1	C2	28.07	SNG-5	C2
GAGACTTAGCTACGTT-1	C2	21.54	SNG-5	C2
GAGACTTAGGGTCTGA-1	C2	23.57	SNG-5	C2
GAGATTCAGTAATGTG-1	C2	31.74	SNG-5	C2
GAGATTCCAGTCAGAG-1	C2	38.06	SNG-5	C2
GAGATTCTCGGTTCCT-1	C2	35.64	SNG-5	C2
GAGGATGGTTGCAGCC-1	C2	48.42	SNG-5	C2
GAGGCTCAGCGAATAT-1	C2	38.34	SNG-5	C2
GAGGCTCCAAGCAACG-1	C2	29.57	SNG-5	C2
GAGGCTCTCGCACAAT-1	C2	28.72	SNG-5	C2
GAGGTCCCAAGAGCGT-1	C2	30.55	SNG-5	C2
GAGGTCCTCAAACCAC-1	C2	32.23	SNG-5	C2
GAGTGAGAGGTCGGTA-1	C2	44.82	SNG-5	C2
GAGTGAGGTTACGCTA-1	C2	36.65	SNG-5	C2
GATCATGGTGGACAGT-1	C2	31.27	SNG-5	C2
GATGATCCACACATGT-1	C2	53.8	SNG-5	C2
GATGATCTCGATGCAT-1	C2	23.4	SNG-5	C2
GATGATCTCGGTTAGT-1	C2	42.8	SNG-5	C2
GATGGCCAGGTGATGC-1	C2	45.35	SNG-5	C2
GATGGCCTCTCTTAAC-1	C2	45.86	SNG-5	C2
GATTGACAGCGCACAA-1	C2	30.35	SNG-5	C2
GATTGACAGCTATCGT-1	C2	25.78	SNG-5	C2
GATTGACCATTATGGC-1	C2	24.43	SNG-5	C2
GATTGACCATTGTTCT-1	C2	25.8	SNG-5	C2
GCAAAGGAGTAATGTG-1	C2	50.57	SNG-5	C2
GCAACCGAGCCATTCA-1	C2	28.29	SNG-5	C2
GCAACCGAGGACTTTC-1	C2	22.95	SNG-5	C2
GCAACCGTCTGGCTAA-1	C2	43	SNG-5	C2
GCACCTTAGTACCACT-1	C2	37.85	SNG-5	C2
GCACCTTGTTCTCGAA-1	C2	21.3	SNG-5	C2
GCACCTTTCGACTATG-1	C2	20.98	SNG-5	C2
GCACGCAAGGATTTGA-1	C2	42.91	SNG-5	C2
GCACGCACATTCACGA-1	C2	31.31	SNG-5	C2
GCACGCAGTCGCGCTA-1	C2	20.04	SNG-5	C2
GCACGCAGTGTGACCC-1	C2	33.01	SNG-5	C2
GCACGCATCGCTCTAC-1	C2	21.11	SNG-5	C2
GCACGCATCTAGCAGT-1	C2	38.66	SNG-5	C2
GCAGCCACAACGGACA-1	C2	30.23	SNG-5	C2
GCAGCCAGTACTATGC-1	unassigned	53.35	SNG-5	C2
GCAGCCAGTTACTACG-1	C2	26.72	SNG-5	C2
GCAGCCATCGCTTGAA-1	C2	23.02	SNG-5	C2
GCAGCTGCATCTGCAA-1	C2	25.55	SNG-5	C2
GCAGCTGCATGATTGC-1	C2	42.6	SNG-5	C2
GCAGCTGGTCATCAAC-1	C2	21.48	SNG-5	C2
GCAGCTGGTCCGCTTT-1	C2	31.01	SNG-5	C2
GCAGCTGGTGCCCTAG-1	C2	34.5	SNG-5	C2
GCAGCTGTCACGTCAA-1	C2	46.27	SNG-5	C2
GCATTCCAGGCCTCGT-1	C2	39.56	SNG-5	C2
GCATTCCAGTAGGTCG-1	C2	22.23	SNG-5	C2
GCATTGAAGTTCCCGG-1	C2	24.96	SNG-5	C2
GCCAGCATCGAGAACG-1	C2	25.1	SNG-5	C2
GCCATAACAAAGGAAG-1	C2	40.85	SNG-5	C2
GCCATAACATCGAGTT-1	C2	33.67	SNG-5	C2
GCCATAAGTCGATTAC-1	C2	34.77	SNG-5	C2
GCCATAAGTGTCCTTC-1	C2	21.68	SNG-5	C2
GCCCAGACAACGAGGT-1	C2	36.95	SNG-5	C2
GCCCAGACATCGCCTT-1	C2	20.61	SNG-5	C2
GCCCGAATCTCCCTTT-1	C2	27.49	SNG-5	C2
GCCTACTAGCGCCTAC-1	C2	34.68	SNG-5	C2
GCCTACTAGTAACATG-1	C2	22.42	SNG-5	C2
GCCTACTAGTTAGCGG-1	C2	32.81	SNG-5	C2
GCCTACTTCTGGCTAA-1	C2	21.98	SNG-5	C2
GCCTAGGAGTAACATG-1	C2	20.66	SNG-5	C2
GCCTAGGGTTACTACG-1	C2	31.31	SNG-5	C2
GCCTAGGTCTCTGAGA-1	C2	26.59	SNG-5	C2
GCGAGAAGTTACGGAG-1	C2	30.52	SNG-5	C2
GCGAGAAGTTAGGAAT-1	C2	33.05	SNG-5	C2
GCGAGTCCATGGGTGA-1	C2	22.9	SNG-5	C2
GCGAGTCTCAATTGGC-1	C2	47.52	SNG-5	C2
GCGAGTCTCCGTCAAA-1	C2	25.63	SNG-5	C2
GCGATCGAGCATTGGG-1	C2	23.05	SNG-5	C2
GCGATCGAGTATACCC-1	C2	24.23	SNG-5	C2
GCGATCGGTGGTACTT-1	C2	32.22	SNG-5	C2
GCGATTAAGGGTTCCC-1	C2	21.71	SNG-5	C2
GCGATTAGTCGCTAGC-1	C2	48.8	SNG-5	C2
GCGCATGGTGGCCTCA-1	C2	28.65	SNG-5	C2
GCGCCAAAGGCCAGTA-1	C2	21.08	SNG-5	C2
GCGCCAACACAAACGG-1	C2	31.82	SNG-5	C2
GCGGGTTAGTAGCAAT-1	C2	60.04	SNG-5	C2
GCGGGTTCAACTCAAC-1	unassigned	29.94	SNG-5	C2
GCGGGTTTCTTAACGG-1	C2	23.35	SNG-5	C2
GCTCACTGTAGTCCAT-1	C2	36.88	SNG-5	C2
GCTCACTTCTCCTTAA-1	C2	46.48	SNG-5	C2
GCTCAGGCATCCTGGG-1	C2	34.41	SNG-5	C2
GCTCAGGTCCTGAAAC-1	C2	71.24	SNG-5	C2
GCTCCTATCAGTCACA-1	C2	31.3	SNG-5	C2
GCTCGAGCAGCCACGT-1	C2	22.34	SNG-5	C2
GCTCGAGTCAGCACGC-1	C2	23.55	SNG-5	C2
GCTGTTCCACTCCCAT-1	C2	33.62	SNG-5	C2
GCTGTTCGTGCATTGT-1	C2	24.59	SNG-5	C2
GCTGTTCTCCACGGCA-1	C2	33.49	SNG-5	C2
GCTTAAGGTATACGCT-1	C2	25.27	SNG-5	C2
GCTTGCTTCCATCATT-1	C2	43.3	SNG-5	C2
GCTTGCTTCTGTGTCC-1	C2	26.39	SNG-5	C2
GGAATCTGTTGTGAGG-1	C2	38.01	SNG-5	C2
GGAATCTTCCCAGCGA-1	C2	30.1	SNG-5	C2
GGAATCTTCGTCCCAT-1	C2	30.54	SNG-5	C2
GGACACCAGGATGTAT-1	C2	22.19	SNG-5	C2
GGAGAACCAAATAGTG-1	C2	33.52	SNG-5	C2
GGAGGATGTATTCTGG-1	C2	30.87	SNG-5	C2
GGAGGATTCACTGATG-1	C2	26.85	SNG-5	C2
GGAGTAGGTCCAAGTT-1	C2	22.95	SNG-5	C2
GGAGTAGTCTGCTACC-1	C2	22.81	SNG-5	C2
GGATGAGCAGGCACAA-1	C2	38.39	SNG-5	C2
GGCACGTCAAACCGAG-1	C2	45.4	SNG-5	C2
GGCACGTTCCGGGCAT-1	C2	23.99	SNG-5	C2
GGCATTAAGGATGTAT-1	C2	21.81	SNG-5	C2
GGCGAAATCGACTGGC-1	C2	39.16	SNG-5	C2
GGCGTTGAGGTTTCTG-1	C2	44.77	SNG-5	C2
GGCGTTGAGTAGAAGG-1	C2	23.59	SNG-5	C2
GGCGTTGCAGTTACAC-1	C2	21.1	SNG-5	C2
GGGACCTCAGAACAGC-1	C2	22.12	SNG-5	C2
GGGCCATGTTAGTAGA-1	C2	20.07	SNG-5	C2
GGGTCTGGTTCTTTGT-1	C2	38.01	SNG-5	C2
GGGTTATAGTGCACAG-1	C2	31.75	SNG-5	C2
GGGTTATGTCCATTGA-1	C2	21.57	SNG-5	C2
GGGTTATTCGCCCTTA-1	C2	37.48	SNG-5	C2
GGTACCGAGTGAGTTA-1	C2	22.35	SNG-5	C2
GGTAGGATCGCGTTCT-1	C2	21.17	SNG-5	C2
GGTCATAAGGTTCGAG-1	C2	39.22	SNG-5	C2
GGTGAAGAGCCGCTGT-1	C2	32.04	SNG-5	C2
GGTGAAGCACTGTTAG-1	C2	42.03	SNG-5	C2
GGTGTCGCATGGGTGA-1	C2	26.54	SNG-5	C2
GGTTGCGCACGCTCAG-1	C2	37.35	SNG-5	C2
GGTTGCGCAGCTATAC-1	C2	35.4	SNG-5	C2
GGTTGCGCATTACTTC-1	C2	25.66	SNG-5	C2
GGTTGCGGTTTCCTAT-1	C2	40.13	SNG-5	C2
GTAATCGGTGCATTGT-1	C2	26.88	SNG-5	C2
GTACTTTCAACTAGAA-1	C2	32.28	SNG-5	C2
GTACTTTTCTTAGTGG-1	C2	34.82	SNG-5	C2
GTAGACTAGCAGAATT-1	C2	26.81	SNG-5	C2
GTAGACTTCCCAATGA-1	C2	39.49	SNG-5	C2
GTAGGAGGTCTGGTTA-1	C2	41.43	SNG-5	C2
GTAGGAGGTTGCCTGG-1	C2	23.44	SNG-5	C2
GTAGTACCAGTAACTC-1	C2	25.4	SNG-5	C2
GTCACAATCGTCAACA-1	C2	30.89	SNG-5	C2
GTCACCTCAATGGTCT-1	C2	29.92	SNG-5	C2
GTCACGGCACTTTGGA-1	C2	41.02	SNG-5	C2
GTCACGGGTAGTACAA-1	C2	22.39	SNG-5	C2
GTCACGGTCACTTACT-1	C2	32.67	SNG-5	C2
GTCACTCTCCAGTACA-1	C2	26.94	SNG-5	C2
GTCCATCTCCTCCCAA-1	C2	30.06	SNG-5	C2
GTCGTAACAAGGCGTA-1	C2	34.29	SNG-5	C2
GTGACATCAAGAAACT-1	C2	44.84	SNG-5	C2
GTGATCAAGCTTTCCC-1	C2	23.24	SNG-5	C2
GTGATCAAGTGTAATG-1	C2	23.07	SNG-5	C2
GTGATCAGTGCATTGT-1	C2	21.69	SNG-5	C2
GTGATCATCCAGAGAG-1	C2	29.59	SNG-5	C2
GTGCACGTCGTGAACT-1	C2	33.21	SNG-5	C2
GTGCCAGGTAGTGATA-1	C2	26.29	SNG-5	C2
GTGCCAGTCCTTCGAC-1	C2	31.28	SNG-5	C2
GTGGATTAGAAATACC-1	C2	21.15	SNG-5	C2
GTGGATTTCAGCACTA-1	C2	31.1	SNG-5	C2
GTGGCGTCAATTGGCT-1	C2	37.87	SNG-5	C2
GTGGCGTTCCGTGCAG-1	C2	23.83	SNG-5	C2
GTGTCAAGTGCACCCA-1	C2	23.94	SNG-5	C2
GTGTCCTGTTGGGAAC-1	C2	46.81	SNG-5	C2
GTGTGATAGCGTTGCC-1	C2	27.87	SNG-5	C2
GTGTGATCATTGAACC-1	C2	36.12	SNG-5	C2
GTTACGAAGCAGGAGG-1	C2	26.71	SNG-5	C2
GTTACGATCCGTTAGA-1	C2	22.68	SNG-5	C2
GTTACTTGTTGGTAAA-1	C2	26.6	SNG-5	C2
GTTATGGTCTCTTAAC-1	C2	38.74	SNG-5	C2
GTTATTCGTGGTCGAA-1	C2	34.15	SNG-5	C2
GTTCAAGTCTATCCTA-1	C2	44.09	SNG-5	C2
GTTGGTACAGGATGTG-1	C2	49.4	SNG-5	C2
GTTGGTATCTGGAAGG-1	C2	53.56	SNG-5	C2
TAAACCGAGTGTCCCG-1	C2	25.45	SNG-5	C2
TAACAGCAGGATCCTT-1	C2	25.34	SNG-5	C2
TAACAGCGTAACCCAT-1	unassigned	37.91	SNG-5	C2
TAACAGCGTTACGAAA-1	C2	30.76	SNG-5	C2
TAACTTCGTGTAGGAC-1	C2	26.6	SNG-5	C2
TAACTTCTCGAACACT-1	C2	33.12	SNG-5	C2
TAAGCCACACAAACGG-1	C2	42.94	SNG-5	C2
TAAGCCAGTATCCCTC-1	C2	28.33	SNG-5	C2
TAATTCCCACTGTTAG-1	C2	33.54	SNG-5	C2
TAATTCCTCGAACCGC-1	C2	43.32	SNG-5	C2
TACATGGCATCATCGA-1	C2	21.76	SNG-5	C2
TACATGGGTCAGTGTT-1	C2	22.3	SNG-5	C2
TACCCTGAGTTGCTTG-1	C2	27.44	SNG-5	C2
TACCCTGGTAACAATG-1	C2	29.8	SNG-5	C2
TACCTATAGTGTCGGA-1	C2	37	SNG-5	C2
TACCTATCAGAGCCAA-1	C2	24.13	SNG-5	C2
TACCTATTCCGTGCAG-1	C2	20.29	SNG-5	C2
TACCTATTCGTTACAG-1	C2	35.78	SNG-5	C2
TACGCAAAGTACAGAT-1	C2	20.15	SNG-5	C2
TACGCAATCTGAGTAC-1	C2	35.71	SNG-5	C2
TACGCCTCACAGTTCA-1	unassigned	25.73	SNG-5	C2
TACTAGGTCCACGAGC-1	unassigned	23.84	SNG-5	C2
TAGACTGCACTTACAG-1	C2	24.19	SNG-5	C2
TAGACTGTCCAAACCA-1	C2	22.25	SNG-5	C2
TAGACTGTCGGTCGAC-1	C2	41.86	SNG-5	C2
TAGCACACAAAGAAGG-1	C2	30.37	SNG-5	C2
TAGCACACAAGCAGGT-1	C2	26.46	SNG-5	C2
TAGCACACATCCATAG-1	unassigned	29.38	SNG-5	C2
TAGCATGCACGTGAAG-1	C2	29.39	SNG-5	C2
TAGCATGTCTCCTTAA-1	unassigned	38.41	SNG-5	C2
TAGCCGGGTACCAAGG-1	C2	28.76	SNG-5	C2
TAGCCGGGTGGAAAGA-1	unassigned	26.55	SNG-5	C2
TAGCCGGTCGCCAGAC-1	unassigned	35.54	SNG-5	C2
TAGCGGCAGTAATCAG-1	C2	52.41	SNG-5	C2
TAGCGGCCAACTCGTA-1	unassigned	51.67	SNG-5	C2
TAGCGGCGTCCAAGAG-1	C2	24.55	SNG-5	C2
TAGCGGCTCAGGAATA-1	C2	44.32	SNG-5	C2
TAGCTTTCACGGCCAT-1	unassigned	28.95	SNG-5	C2
TAGCTTTTCTACCCGT-1	unassigned	38.6	SNG-5	C2
TAGGAGGCATGGGAAC-1	C2	21.49	SNG-5	C2
TAGGAGGGTCAGCTTA-1	C2	21.71	SNG-5	C2
TAGGTCATCACAAGCT-1	C2	20.27	SNG-5	C2
TAGGTGTTCGTCCCAT-1	unassigned	42.79	SNG-5	C2
TAGTCCCAGGTGAACC-1	C2	39.6	SNG-5	C2
TAGTCCCCAACTAGAA-1	unassigned	29.08	SNG-5	C2
TATCGAGAGCAATAAC-1	C2	26.86	SNG-5	C2
TATCGAGGTCCTTCAC-1	C2	24.23	SNG-5	C2
TATGTGGTCCAGTTAG-1	C2	28.4	SNG-5	C2
TATGTTCCATCGAGTT-1	unassigned	32.43	SNG-5	C2
TATGTTCGTTTCTACT-1	C2	21.65	SNG-5	C2
TCAAGACGTGTTGTTG-1	C2	21.94	SNG-5	C2
TCAAGACTCTATCTTG-1	unassigned	46.48	SNG-5	C2
TCAAGCAGTCCACCAG-1	unassigned	48.85	SNG-5	C2
TCAAGCATCGGTTAGT-1	C2	37.46	SNG-5	C2
TCAAGGTTCATACTTC-1	C2	20.03	SNG-5	C2
TCAATTCGTTTAGGAA-1	unassigned	33.17	SNG-5	C2
TCACAAGTCTGTAGAC-1	unassigned	20.71	SNG-5	C2
TCACCACCAATGTAAG-1	C2	57.24	SNG-5	C2
TCACCTGCAAGCGTCC-1	C2	21.16	SNG-5	C2
TCAGGGCTCAGTCACA-1	C2	25.48	SNG-5	C2
TCAGGTACAATACTGC-1	C2	22.29	SNG-5	C2
TCAGTCCAGCTTACCA-1	unassigned	32.05	SNG-5	C2
TCAGTCCGTAAACGTA-1	C2	30.61	SNG-5	C2
TCAGTTTTCACAGGGA-1	C2	25.85	SNG-5	C2
TCAGTTTTCTCTCAAT-1	C2	28.76	SNG-5	C2
TCCATCGGTAAGTGCG-1	C2	30.79	SNG-5	C2
TCCCACAGTGGATTCT-1	C2	26.15	SNG-5	C2
TCCCACATCCTTTGAT-1	C2	44.35	SNG-5	C2
TCCGACTGTAACATAG-1	C2	28.71	SNG-5	C2
TCCGACTGTACTTGAC-1	unassigned	31.07	SNG-5	C2
TCGAGCGGTACCCACG-1	unassigned	26.45	SNG-5	C2
TCGAGCGGTCTAACCA-1	unassigned	36.15	SNG-5	C2
TCGATTTAGTGCCCTG-1	C2	25.02	SNG-5	C2
TCGCAGGGTCTTAGCA-1	C2	26.38	SNG-5	C2
TCGCAGGTCTCGCGTT-1	unassigned	42.74	SNG-5	C2
TCGCCTACAACTCCCT-1	unassigned	28.15	SNG-5	C2
TCGGGACTCTCTGTTA-1	C2	41.64	SNG-5	C2
TCTAGTTAGTTGTCCA-1	C2	33.26	SNG-5	C2
TCTCAGCAGCGTTGCC-1	C2	24.98	SNG-5	C2
TCTCAGCCACTCGTGG-1	C2	29.4	SNG-5	C2
TCTCAGCGTCCAGACC-1	C2	29.35	SNG-5	C2
TCTCTGGTCCATAACG-1	C2	35.04	SNG-5	C2
TGAATCGGTACAAATG-1	C2	36.45	SNG-5	C2
TGACAACCAATACTGC-1	C2	22.34	SNG-5	C2
TGACAACGTGGACCAA-1	unassigned	42.03	SNG-5	C2
TGACTCCGTCCAAGTT-1	C2	32.13	SNG-5	C2
TGACTCCGTTTGACCA-1	C2	42.13	SNG-5	C2
TGAGCCGCATATAGAG-1	unassigned	36.26	SNG-5	C2
TGATCAGAGGTTCGAG-1	unassigned	23.04	SNG-5	C2
TGATCAGCAATTCTCT-1	C2	32.14	SNG-5	C2
TGATGCATCACATTCT-1	C2	27.53	SNG-5	C2
TGCATTTAGCCCATTA-1	C2	27.89	SNG-5	C2
TGCATTTCAACGAGGT-1	C2	24.54	SNG-5	C2
TGCATTTCACATTGCA-1	C2	41.14	SNG-5	C2
TGCATTTCAGGCACAA-1	unassigned	35.24	SNG-5	C2
TGCATTTTCTCTTAAC-1	C2	63.38	SNG-5	C2
TGCCTCACACCGTTGG-1	C2	23.94	SNG-5	C2
TGCCTCAGTTTAAGGA-1	C2	30.07	SNG-5	C2
TGCCTGTCAAGGTTCT-1	C2	27.44	SNG-5	C2
TGCCTGTCAGGCACAA-1	unassigned	23.88	SNG-5	C2
TGCCTGTGTGCGCTCA-1	unassigned	45.47	SNG-5	C2
TGCCTGTTCTCGTGAA-1	unassigned	23.07	SNG-5	C2
TGCGTAAAGCTCGTTA-1	unassigned	23.05	SNG-5	C2
TGCGTAAGTATTTGCG-1	C2	25.22	SNG-5	C2
TGCGTAAGTGCCCTAG-1	C2	42.22	SNG-5	C2
TGCGTAATCCTATCCG-1	C2	30.45	SNG-5	C2
TGCTATTGTAACTGAA-1	C2	33.21	SNG-5	C2
TGCTCACTCTGATCTT-1	C2	35.46	SNG-5	C2
TGCTCGTCACTGTCAA-1	unassigned	23.9	SNG-5	C2
TGCTCGTTCACTAGGT-1	C2	21.49	SNG-5	C2
TGCTTCGCACCGTCTT-1	C2	36.84	SNG-5	C2
TGCTTCGCACTGGGCT-1	unassigned	36.79	SNG-5	C2
TGCTTTAGTATTCTCT-1	C2	28.66	SNG-5	C2
TGCTTTATCAAGAGAT-1	C2	26.24	SNG-5	C2
TGGAAGGAGCTACGTT-1	C2	50.92	SNG-5	C2
TGGACATAGTATAGTG-1	C2	24.16	SNG-5	C2
TGGACATGTATATGGA-1	C2	22.61	SNG-5	C2
TGGCAATCAACTCCCT-1	unassigned	48.78	SNG-5	C2
TGGCCTTGTATCTCAG-1	C2	26.66	SNG-5	C2
TGGCCTTGTCCGTCGA-1	C2	37.38	SNG-5	C2
TGGCGCAAGATCCGAG-1	C2	49.39	SNG-5	C2
TGGCGCAAGCCGCTGT-1	C2	54.81	SNG-5	C2
TGGCGCACAGGCTACC-1	C2	33.24	SNG-5	C2
TGGCGCATCGCGGCAT-1	C2	29.46	SNG-5	C2
TGGGTGCAGAACAGGA-1	C2	37.02	SNG-5	C2
TGGGTGCAGGTTGTGG-1	C2	23.32	SNG-5	C2
TGGGTGCAGTCTCCAA-1	C2	34.18	SNG-5	C2
TGGGTGCCATGGGACA-1	unassigned	26.1	SNG-5	C2
TGGGTTATCACAACAC-1	C2	55.4	SNG-5	C2
TGGTCAAGTAACCCAT-1	unassigned	27.84	SNG-5	C2
TGGTCAAGTCCTTATT-1	unassigned	23.18	SNG-5	C2
TGGTCAATCAGTCACA-1	C2	39.37	SNG-5	C2
TGTAAGCTCAGTACAC-1	C2	31.61	SNG-5	C2
TGTAAGCTCCGAATTG-1	unassigned	29.89	SNG-5	C2
TGTACAGGTAGCGGTA-1	unassigned	38.17	SNG-5	C2
TGTACGACAAGGGAGG-1	C2	37.35	SNG-5	C2
TGTGACAAGCTGAATA-1	C2	23.17	SNG-5	C2
TGTGACACATTTGGCA-1	unassigned	31.66	SNG-5	C2
TGTGACATCCTTTGCG-1	unassigned	26.31	SNG-5	C2
TGTGGCGCACGTGAAG-1	C2	47.43	SNG-5	C2
TGTGGCGCAGAACAGC-1	C2	40.38	SNG-5	C2
TGTGGCGGTCCTCAGG-1	C2	40.13	SNG-5	C2
TGTTAGGAGCAACTGG-1	unassigned	54.03	SNG-5	C2
TGTTAGGGTCCTATTT-1	unassigned	30.24	SNG-5	C2
TTAACGGAGTACAGTA-1	C2	27.58	SNG-5	C2
TTAACGGGTTAGAGAT-1	C2	26.42	SNG-5	C2
TTAACGGTCATGAACC-1	C2	25.6	SNG-5	C2
TTACGGAAGGATGCCA-1	unassigned	20.5	SNG-5	C2
TTACGGAGTGGATTCT-1	C2	26.99	SNG-5	C2
TTACGTTAGAGTAAGG-1	C2	22.2	SNG-5	C2
TTACTCATCCATATCT-1	C2	37.73	SNG-5	C2
TTAGCGACATGGGAAC-1	unassigned	27.79	SNG-5	C2
TTAGCTTCATAGACGG-1	C2	46.46	SNG-5	C2
TTAGCTTGTTCCAGTA-1	C2	25.55	SNG-5	C2
TTAGGTGAGCGCCTAC-1	C2	55.33	SNG-5	C2
TTAGGTGGTTTGCCCT-1	C2	22.32	SNG-5	C2
TTCAACTAGCATTGGG-1	unassigned	24.34	SNG-5	C2
TTCAACTTCAGGAATA-1	C2	28.07	SNG-5	C2
TTCATCAAGCCATCAT-1	C2	45.75	SNG-5	C2
TTCATCAGTAATGCAA-1	C2	25.43	SNG-5	C2
TTCATCAGTCTGGGCT-1	C2	34.48	SNG-5	C2
TTCATTGAGCAGGACT-1	C2	30.89	SNG-5	C2
TTCGATTAGACACAAT-1	unassigned	25.23	SNG-5	C2
TTCGATTCATCATCGA-1	unassigned	20.7	SNG-5	C2
TTCGCGTTCGTGGAAG-1	C2	21.26	SNG-5	C2
TTCGGTCCACACTAGT-1	C2	24.68	SNG-5	C2
TTCGTTACAAGCAGGT-1	unassigned	21.78	SNG-5	C2
TTCGTTACACCTGGTG-1	C2	30.01	SNG-5	C2
TTCGTTACATTACACG-1	C2	24.16	SNG-5	C2
TTCGTTAGTGATAAGT-1	C2	61.37	SNG-5	C2
TTCGTTAGTTGGCTAT-1	C2	23.56	SNG-5	C2
TTCGTTATCAAAGTAG-1	C2	23.19	SNG-5	C2
TTCGTTATCCAACAAC-1	C2	23.09	SNG-5	C2
TTCTAACAGTAGGAAG-1	C2	21.06	SNG-5	C2
TTCTAACAGTCGAAAT-1	C2	37.69	SNG-5	C2
TTGAGTGGTACGTAGG-1	C2	31.35	SNG-5	C2
TTGAGTGTCGCTTCAC-1	C2	63.06	SNG-5	C2
TTGCACCGTATCCCTC-1	unassigned	24.49	SNG-5	C2
TTGCACCGTTTGCCAA-1	C2	33.69	SNG-5	C2
TTGCACCTCAGGGTTT-1	C2	32.27	SNG-5	C2
TTGCAGATCAAGAGGC-1	C2	30.41	SNG-5	C2
TTGCCCAAGGGTTCCC-1	unassigned	21.59	SNG-5	C2
TTGCCCAGTAGTAACA-1	unassigned	20.66	SNG-5	C2
TTGCCCAGTGCCCGAT-1	unassigned	27.26	SNG-5	C2
TTGCCCATCTATCCTA-1	unassigned	28.81	SNG-5	C2
TTGCGAAGTCACCGCA-1	C2	24.8	SNG-5	C2
TTGCGAATCAGGAATA-1	C2	28.05	SNG-5	C2
TTGCGGGCAAAGCTTC-1	unassigned	27.84	SNG-5	C2
TTGCTATAGTAGCAAT-1	C2	27.93	SNG-5	C2
TTGCTTACAATGGCAG-1	C2	33.95	SNG-5	C2
TTGCTTAGTTCTGAGT-1	C2	34.01	SNG-5	C2
TTGGTCCAGCAATAAC-1	C2	48.99	SNG-5	C2
TTGTCTAAGACCTATC-1	C2	23.67	SNG-5	C2
TTGTCTACACTCCCAT-1	unassigned	31.91	SNG-5	C2
TTGTTCACATATACGC-1	unassigned	28.11	SNG-5	C2
TTGTTCATCTTCATAC-1	unassigned	38.6	SNG-5	C2
TTGTTGTAGCCGCTGT-1	C2	25.21	SNG-5	C2
TTGTTGTGTGCTTACA-1	C2	26.59	SNG-5	C2
TTTACGTAGTCGATAA-1	C2	34.97	SNG-5	C2
TTTACGTGTCAGCAAG-1	unassigned	30.24	SNG-5	C2
TTTGAGGAGGTCGGTA-1	unassigned	33.79	SNG-5	C2
TTTGAGGGTGCACTTA-1	C2	36.74	SNG-5	C2
TTTGAGGTCACTGGTA-1	C2	38.94	SNG-5	C2
TTTGCGCAGGGATCCA-1	C2	26.11	SNG-5	C2
TTTGGCCAGCTACGCC-1	C2	44.29	SNG-5	C2
TTTGGTTAGTGAGCAC-1	unassigned	27.11	SNG-5	C2
TTTGTGTAGACAGCTG-1	unassigned	38.66	SNG-5	C2
TTTGTGTGTACCCATA-1	C2	21.8	SNG-5	C2
TTTGTGTGTGGTGGTA-1	C2	26.64	SNG-5	C2
AGTTTGGTCTCATCCG-1	unassigned	67.84	DBL-4	unassigned
ATTGTGGCAACTCGAT-1	unassigned	52.89	DBL-4	unassigned
CATGCCTAGACTTCCA-1	aPD1	22.2	DBL-4	unassigned
CATGTTTGTGCAGACA-1	unassigned	42.09	DBL-4	unassigned
CTTAATCTCAAGGCAG-1	unassigned	53.48	DBL-4	unassigned
GAACCGCTCGAGGTAG-1	unassigned	93.02	DBL-4	unassigned
GCACCTTAGGTGTTGG-1	unassigned	55.55	DBL-4	unassigned
GCCCGAACATTGCGAT-1	unassigned	71.85	DBL-4	unassigned
GGAGTAGTCGCAAACT-1	aPD1	30.16	DBL-4	unassigned
GTGACATTCGTTCTAT-1	unassigned	30.14	DBL-4	unassigned
